708.998050861004,-27.189414427704,1813.12715822807,-128.285294192412,879.363062789748,-110.073922988069,2394.73045164412,-356.979187290658,633.173705012542,-43.2050092814372,1857.82459460937,-256.467294591685,1325.16975667021,-138.32015375019,1568.84212747416,-278.360868039697,678.271231174972,-109.588257900754,312.858121489582,12.2682646706448,394.426726040904,-42.4089969429546,850.405671704183,-80.6899078250839,306.172348113173,-18.0889254214121,1972.50869938315,-158.363167854593,586.741651514739,-59.1997390396676
691.795258515088,-24.0477578187369,1760.28056075887,-117.864274376386,861.827305520346,-106.9708540801,2346.51806321814,-348.441170374063,621.135407030205,-40.8288953267447,1825.19035328104,-247.912417254113,1307.18860280348,-133.986410160932,1549.88907009277,-273.353698767676,669.162572180526,-107.435286666688,309.983905656846,12.2711919848266,390.770944935111,-41.2759293645123,843.339354547572,-79.2476376738082,302.82498927604,-17.308128478312,1956.55395317325,-155.452892524717,584.922876543705,-58.9263596896352
686.796284087757,-21.8259338327286,1759.39509852975,-114.930261601549,858.58239233427,-105.843147100697,2349.23520989105,-346.998668381138,622.350792721278,-41.4975055013327,1824.68068606348,-249.350069088094,1311.24524252966,-135.285293219133,1551.3825159647,-273.704643274829,671.047226271748,-107.524101680225,312.777288169224,12.1115661096319,394.625268962171,-42.1868450901629,854.335958505175,-81.6706549248101,304.735430090382,-17.4391538950191,1970.70610150572,-157.76158745925,593.691518024073,-60.0084436595345
692.675336460489,-23.396238434035,1779.23842862624,-120.692688215354,866.418107499767,-107.585688181879,2371.51886961103,-354.050758070302,628.154541037942,-42.1425065707546,1838.23345854445,-251.26388605546,1321.07359237849,-136.577016954637,1562.25914949366,-276.927523210794,676.910728331743,-109.174379651173,317.928652411628,11.6106256529807,400.239501373292,-43.1871851724122,867.872739827154,-84.201515885446,308.769207939874,-18.2428810794335,1992.25046471296,-160.68079265001,603.35465455473,-62.6693377055706
690.764256629103,-23.1666266566191,1765.27670449596,-120.305154976249,861.606966352977,-106.635262772716,2344.63710965321,-344.218923036784,619.354047042401,-40.8155563609205,1825.33992087172,-248.460166602946,1305.64158955781,-133.913660841181,1550.7315615355,-273.603141327676,669.53281780574,-107.780319335315,308.715146581126,12.2123681298567,388.365889361146,-40.7854487333539,839.980279427999,-78.9929975148989,302.264305704106,-17.563153410718,1946.30002876916,-152.883940053722,582.12120951933,-58.1000988639174
683.381923065308,-20.1931206909706,1748.08776581545,-115.763159202025,857.550932381365,-105.994772653974,2327.42685902355,-341.752815577724,616.130131160049,-40.3163576780205,1810.07449244203,-243.132170401759,1299.06182369931,-131.942902191603,1542.18736809688,-271.220682223177,665.407469482722,-106.188021136612,308.00224758263,12.6141719942844,389.050547270332,-40.9765380350788,839.86483514877,-79.219396780559,300.458899491078,-16.6644771320258,1944.23797441319,-152.178520637603,585.287932321387,-58.6196865763867
686.003059239148,-20.9173867752939,1762.32693824539,-119.216142873109,859.319945853676,-105.611611603562,2342.31177711144,-345.830970369669,621.241001333137,-41.0722116856415,1819.01799413739,-246.198895405996,1308.27671397819,-134.051181077156,1550.70103281693,-273.939455535177,669.537781304421,-107.50644241594,313.054587630114,12.2083569786897,394.292279483244,-42.0391050474228,852.903783031482,-80.7229007707117,304.208735175889,-17.8915944766311,1965.10209789985,-156.890635078424,594.859980637588,-60.0003425525628
695.821811877445,-25.1033659857472,1784.39345189829,-122.844133010569,867.44396699673,-107.360205750761,2365.18591657452,-351.470505918222,629.32266527427,-42.4919424313566,1837.58110499743,-250.411787373874,1320.48103486792,-137.129832985028,1561.20400895087,-276.298165112863,674.538420795199,-108.657535244219,315.332298146273,11.8736416693217,393.326386197502,-41.8865953007875,849.292825805645,-81.3329227967668,302.861839175902,-17.1099733206613,1953.09195289711,-154.702200136562,586.901987224928,-59.7741854693044
680.541499005539,-21.1890538893716,1735.64890732392,-111.195575962305,848.110066864543,-102.336380998084,2314.0120868628,-337.958777369267,610.233239932402,-39.0446046273729,1799.27727418127,-240.803940029676,1289.92983822457,-130.315596349806,1534.29917900982,-269.590466790318,660.377315153482,-104.965823444788,305.401152840612,12.9642115316374,384.986657057073,-40.2774205873677,833.448304639846,-77.7449990088285,298.691940858623,-16.6587521631315,1929.85883809357,-151.087496596113,581.21790924059,-57.7743675207264
683.455596064641,-24.1516751683018,1736.03197070883,-109.18589618797,849.905407219627,-102.970576027878,2311.62849511235,-336.025812133175,611.006356684756,-39.0045051128922,1798.14615239767,-239.631806389514,1292.78103994183,-130.901753114504,1534.18993703783,-269.421336687251,661.545927395875,-105.356634434069,307.111050507143,13.1988612846037,388.79934920166,-41.2506760301373,840.271505961201,-78.9540270263978,299.634216714999,-16.997696577759,1940.14043185033,-152.563849746059,588.042497067297,-58.8316640953303
682.61316879719,-19.4707864844428,1754.01598331228,-112.054170378798,857.5931638237,-105.072030317127,2335.06496580817,-340.816505495315,619.836239458661,-41.569557348126,1811.44819560188,-242.041413909816,1303.67834561495,-132.035590567258,1546.55043208052,-272.377121017197,667.897710155181,-107.032571415443,313.321019813381,12.4319475044564,394.726515864703,-42.1984311029847,856.288075354034,-82.534426390079,303.566181612651,-17.5879784283773,1965.50286299495,-157.668364714084,599.93374183296,-61.8660787511482
695.773213754509,-24.0454579210541,1784.04974434476,-122.845247105957,867.192648286887,-107.680997401246,2369.53553302281,-352.133978380838,629.216825721523,-42.4211639226062,1831.96706625908,-246.795964121978,1314.9987079606,-134.916857082689,1558.78575356009,-275.150580517187,672.304393758286,-107.931822759361,313.423287524765,12.4488360023241,392.376978945436,-41.6762306052881,846.866506119898,-80.219569597591,301.758117835957,-16.858940226985,1948.5142987873,-153.905848943468,586.490650130603,-58.8425010563738
677.712887237492,-20.5302901328964,1727.05706243792,-107.750750730496,849.127412706364,-102.97872367999,2301.80670880185,-334.947700857957,605.705587201733,-37.4470709014024,1790.70040254486,-239.50086143217,1280.51544920473,-127.884493278096,1527.30169829273,-267.880507676365,655.234951500703,-103.314645780345,301.930840757279,14.1868090985497,383.11751049017,-39.7841874048637,827.532108313519,-76.2720544591148,296.196514380081,-16.2201674902833,1919.21936791386,-148.157683594585,579.697036946484,-57.6099017080282
677.188152145251,-20.4322395732726,1728.07258484708,-111.261036022467,845.644700292944,-101.410280479765,2301.08395653681,-332.22572208289,608.140717855307,-38.3011636206952,1785.5599178703,-237.36741876377,1281.54997512443,-126.995151998739,1525.39644696321,-266.794272616663,656.89567214647,-104.714692222258,304.396292905242,13.4806267264662,385.664028066031,-40.5569381125194,835.642852578416,-78.0413888546018,297.869405017798,-16.7056806977835,1929.4772802792,-150.054451525699,586.899620012115,-58.9349546941105
683.493505498642,-22.0979050617624,1747.35835179422,-114.221734219942,851.245429830354,-102.868131890929,2315.06986029889,-336.585340386514,615.099965776936,-39.870167212592,1799.67854649776,-241.28322458513,1291.2199353048,-128.648090653401,1537.42236051973,-269.510635584274,662.176424595636,-105.388265459386,310.168191318323,12.9493025699992,391.585034721906,-41.4384502152782,851.911572194518,-81.4925713318497,302.357695912756,-17.7388644071651,1955.88366565333,-155.073219841303,598.437803280412,-61.739975433308
691.582502882451,-22.2573659941196,1768.88526268962,-116.47618859746,862.819839787684,-106.38896183728,2347.08121262094,-343.242804912687,624.543795931958,-41.5087561382338,1818.40557601327,-245.296354664645,1305.88547568504,-131.92667708377,1552.62107549745,-274.405800460589,670.994042169427,-107.881127553898,316.738859053813,12.1483838475204,399.471467633607,-43.3501064856084,869.718952217708,-85.0900136966927,306.732262390843,-18.4910924426785,1986.6072946548,-160.108162283124,608.962233837563,-63.5685459589695
687.038264786974,-21.5971682291178,1750.34863769404,-115.824438343781,852.117559688318,-101.491356801923,2316.77153084046,-338.53812422205,612.377098942158,-39.0246633901628,1797.17206463875,-238.692179803429,1285.39097652542,-127.378158994215,1537.00905168344,-270.092632050929,660.549172098842,-105.113270123504,304.042621295183,13.3392333070008,385.050086753475,-40.2677862010308,830.818025205803,-76.8786962831131,297.917891483726,-16.2559180088996,1930.56640352704,-150.759958593879,580.999416304364,-58.4080348196265
679.438535399101,-20.7821313086079,1730.18136375673,-108.648987354298,844.907948472231,-100.863654467814,2286.3292575851,-328.783397166054,606.996380386158,-38.457015289211,1783.49034119317,-235.706656413104,1273.66467175947,-125.269398857775,1524.16241784179,-266.779055272728,653.894085468583,-103.31412666062,302.294233291714,13.6688530828898,384.212587124801,-40.1022248951996,832.931160998313,-78.2061389580689,296.881652465182,-16.4288938058511,1925.72109168215,-150.346495358391,583.308393735774,-58.1579369572374
681.888741409569,-21.1362645637904,1739.38470932904,-109.604081797251,852.298422119257,-104.908543374106,2301.60181862434,-331.676372888384,613.044476061992,-39.0061100096205,1790.49703760642,-236.809123459238,1282.16262126313,-126.585436805978,1532.32043058119,-268.849691613629,658.556118291648,-104.701804241245,305.949743161011,13.6811076664021,389.073567243541,-41.2080772386603,844.062280504994,-80.1426059001076,299.493271291373,-16.6614378185295,1946.9121068395,-154.27756822634,592.938379984779,-60.2550371797842
690.440731556228,-23.1897468715263,1762.81570272125,-114.622159968983,856.655223906185,-104.555657624761,2325.05529450599,-336.161279621361,621.65519447134,-40.9604526869893,1809.11040324544,-241.388217404725,1294.9443505835,-128.47158364225,1545.00113292313,-271.871387138106,664.360620325264,-105.354438010291,312.351640076534,12.471873332356,396.790010748645,-42.8043942313124,860.721968926978,-82.9383320011716,304.064546129867,-17.6242931104288,1971.30706795436,-156.91605690664,605.306913212025,-62.5072038566638
687.33058949638,-21.5501493828545,1737.03424122046,-108.645024302198,851.438736536526,-103.371348325549,2295.5554025519,-330.021560041315,609.238312197365,-38.0990685134759,1797.52682325061,-240.748117554804,1273.69611232441,-124.545607883804,1528.48678487508,-266.858248719097,654.305617613439,-103.473862451178,299.677051371366,14.4472198161754,382.610329475194,-39.7502638533897,826.097461554142,-76.4971099995692,295.723974584524,-16.0356186943974,1917.70150609018,-148.397132641044,578.525125251609,-57.3101449873881
681.164610957796,-22.1596462898133,1723.53462121333,-106.993683125497,842.750681052815,-102.274671042658,2274.83375986944,-324.214160869217,604.522018198388,-37.6576714704874,1775.71565911442,-232.192742905666,1265.03161380934,-121.877133605807,1519.00052570588,-265.059636102371,649.570518334171,-101.734081654438,298.508249070261,14.7721576889519,381.797301069093,-39.6237825665291,825.844102049183,-75.6539280306809,293.894170597478,-15.5979118881653,1914.88719664908,-147.406279340629,581.968083881156,-57.6442705321378
681.71044334755,-20.3716295984715,1733.50164934592,-105.915057095917,847.372412407072,-102.079431506916,2285.13098453904,-326.66290997644,610.499803272213,-37.8690979369881,1792.72121894764,-238.298014419845,1273.30848843423,-123.534573387752,1527.84559153903,-266.622118949236,653.874887993544,-102.416680690244,303.456854111941,14.3896384882851,388.081231569646,-40.9481022344458,840.759461493804,-78.6179720290625,297.256172236068,-16.0272345545077,1935.39483469912,-149.830954335123,592.544194141473,-59.819872587501
689.045334271146,-24.0783957009741,1761.72723438236,-117.321283372115,856.467884909891,-103.703411264924,2307.10614736188,-329.748554639424,620.270520134343,-40.4515477326434,1804.34359447424,-237.080571548269,1288.13903231523,-126.526757189942,1541.66056132934,-269.81497319242,661.156442919983,-104.544502198557,310.071706072208,13.3202191253252,395.232504204843,-42.2586317479772,858.097767909404,-81.8972076498414,301.955348596637,-16.9917617884694,1967.09369608762,-156.79849337534,603.560502138595,-61.7854610632539
690.409727883978,-21.6132339741396,1752.99479481543,-109.876605556006,853.158189908203,-101.621579188746,2301.38402622056,-331.047732601366,612.644433510374,-38.3204371052571,1802.96358343245,-240.051892053829,1273.95953036656,-123.12646799966,1532.50670044144,-267.86745964238,654.280442983624,-102.863616689163,299.440928238133,14.7920465747906,384.668068572443,-40.2981373262521,829.08110321532,-76.3067534797449,295.606528387636,-15.7507999507909,1923.68778435683,-148.814621590962,580.0161910918,-57.47524770399
679.958930847967,-20.4131029923556,1724.45769144626,-105.246080378816,842.132288833243,-99.0847086508885,2263.86890064491,-321.542787178149,603.726125218467,-36.6551050814162,1776.78355992798,-231.666243470483,1258.94200037675,-119.655507457341,1518.69450269987,-264.368284982859,647.337360532022,-100.872395507157,295.940593264998,15.4630559145691,380.891298679558,-38.9935517345629,824.148668564267,-75.7102727413708,292.625114575994,-15.1193047169209,1912.97652824251,-146.875794596707,580.012818114517,-57.1819731025289
679.475666480105,-19.2712866199546,1731.49151302064,-109.150099891362,842.669244234329,-100.44815933513,2265.46993224557,-318.222175791182,607.587210677749,-37.3251786404316,1781.42225544158,-232.951269829217,1266.22817432355,-121.150408773733,1524.56969349881,-266.127026304364,651.237880436917,-101.804434564082,300.185025212947,14.9952383341747,385.579820479174,-39.7644024146557,836.163305830695,-77.3325086839088,295.14807017535,-15.2471113654737,1930.16727982464,-149.02515255691,589.308404438378,-58.50221778396
688.939893477877,-22.2062547395151,1747.02611399739,-106.291569026755,851.038806659946,-102.791835295042,2286.62276678849,-322.319639714874,616.995807836333,-38.7748723663479,1797.04368660871,-235.444701287743,1277.48979087231,-122.912316807878,1536.26894920006,-268.394055270295,657.587822018815,-102.929100820234,305.856172326647,14.2187747913687,392.04275846235,-41.0739141052029,851.455029598596,-80.4792089276173,299.442069247239,-16.1517676395907,1958.37856560573,-154.991700421135,599.746411640711,-60.8782593003506
698.095198826211,-23.6372130520868,1774.83809880076,-115.081395708316,859.660294085508,-104.740053264167,2311.79783017654,-331.042491288974,619.330387434521,-39.8955690795636,1806.33799739406,-238.693986032192,1276.02117317267,-123.111785893965,1538.9535278669,-269.338311229564,656.192372296544,-103.075984121489,299.248475670018,15.0977641323668,384.039764453358,-39.85545282224,829.063183715396,-75.4834068172314,294.886164376003,-15.0454495359487,1926.95668425959,-148.42515945574,580.200244217001,-56.6947377325483
684.123149500238,-20.9149636000134,1722.00881103494,-104.383843727402,842.758853251673,-100.650179138748,2259.60341579431,-318.32950541469,605.101645127457,-36.5541670021585,1780.39837428736,-230.797151314902,1258.13424370901,-119.200218214505,1521.2946602051,-264.240466928379,647.964642623204,-100.813672547034,295.261655920793,15.7199833573557,379.966373266657,-38.5718056621488,821.859284323506,-73.9236162780365,292.15540846538,-14.8865533952991,1914.34571057759,-147.172335990436,578.006171221973,-55.8417024992842
680.701975219559,-18.7393299622954,1731.07498982866,-107.130557701689,845.463651690171,-100.815060206368,2259.778307067,-318.249217089944,606.865616247349,-36.2687563234017,1781.68784970312,-231.973446037472,1261.03748870981,-119.090466563748,1525.85533463755,-265.921612065668,649.583471440336,-101.142521209244,297.200398505716,15.9105927918298,383.983734667957,-39.593148332178,832.278121945819,-76.6838217227981,294.010607272872,-14.9941282435092,1927.64039061098,-148.87188651176,586.809480802752,-57.2663816022524
687.011224158636,-20.9132343144465,1747.53572210167,-108.622328643237,851.416766406428,-100.764692243161,2281.29981022576,-322.797973397543,614.912153383528,-37.8959225615417,1801.86626747366,-238.318394786576,1273.36800821888,-121.055798393825,1537.85917571616,-268.998660985455,656.051445847096,-102.41197397623,303.223450774234,15.3808552636437,390.386953287096,-40.3612199765229,847.882575929721,-79.4023880697443,297.429521015599,-15.4578066593762,1953.37977157826,-153.625847848584,597.100661223159,-59.6881042972768
701.416702240002,-24.0281621194137,1775.07032131081,-114.029631787331,861.698708797925,-104.699048506445,2303.62054965574,-326.599615223547,622.75216071146,-39.5499224221272,1810.72155288355,-237.737801921503,1277.68182663625,-123.297894746482,1544.27797816011,-270.285082235965,656.847950573391,-102.621955980726,299.210143052493,15.1435391353621,384.120842451437,-39.3588392254011,829.397156285447,-75.9068421812533,294.370579051895,-14.796245464239,1928.60459742278,-150.174349714693,580.129131301008,-56.847937793447
681.900790199391,-19.2511044455891,1718.85172647436,-104.839864060566,842.782807425932,-99.4967352414572,2239.52274043026,-311.2654903973,603.010645368255,-35.4115372456505,1777.6619945923,-230.566594594486,1251.83445823057,-116.246426781295,1520.90207854189,-263.939033458026,646.530811317973,-100.530142309875,292.738831026982,15.8604985280339,379.815200023428,-38.8357026410657,819.240208100748,-73.6969737164694,290.563801116391,-14.215699599605,1910.25126589524,-146.013669406437,575.525162048359,-54.8940918336425
683.96135146937,-20.95254332536,1723.51313496001,-103.044333230815,846.77459747563,-102.171915992356,2250.06086703625,-315.860106310168,605.134873257237,-35.8625385839762,1785.48714432762,-232.58580462532,1255.63733024097,-116.932471325862,1524.98439569412,-264.925063902996,646.903308990601,-99.8490326430987,294.670209131819,16.5132661415277,382.275519677623,-38.8894404069161,829.219035501799,-75.8242144130642,292.364199124347,-14.5707298640209,1924.03612651835,-147.994073514027,585.626798775024,-58.1936716523803
687.375391702661,-20.5523110470194,1746.83197402233,-109.813638298186,852.464265808157,-101.718570331514,2268.54531332984,-316.43150563384,612.890658582356,-36.9615631927664,1795.98398015561,-235.118345169913,1267.14774760372,-119.391545026365,1537.3122709027,-267.907047367673,653.894197181951,-101.564625838783,301.267210763195,15.2690681806621,388.713723744919,-40.2794142235944,845.145428574659,-78.5240223998277,296.516656750266,-15.1675394349046,1950.61700557924,-152.776712912167,595.910173737058,-59.6539406165335
698.704683890363,-23.2003831901432,1767.31381070548,-112.147368464708,862.79462908838,-105.257699296279,2306.00107656985,-329.52481345598,623.138620852471,-39.1537395135357,1817.98562588881,-237.585368015973,1284.06320849991,-122.881088942199,1552.38572922585,-271.515888334309,662.282880315141,-103.757843817917,307.588858714183,14.9980873939628,394.914751832798,-41.1887084645357,858.102255427317,-80.9179399858325,298.286128222827,-15.0270271225846,1965.63235103481,-155.592991373535,594.342819917348,-59.2634837998948
688.281321612954,-21.5896838739329,1729.86959306637,-108.040070228483,846.287807803571,-101.612681900064,2244.08817689387,-310.560985890596,603.511496194996,-35.8728297183992,1779.11314347499,-228.459506231959,1250.40618428093,-116.031214928916,1526.1350861276,-265.538682779259,645.902421363721,-99.9044640677331,290.491905876536,16.882555169064,378.151182213055,-38.0179871258752,819.090207894925,-73.8980095886199,290.702552220514,-14.0714707950154,1917.25910816125,-146.766097633066,574.502514311707,-55.4110163374638
682.398201047771,-20.1049173826929,1719.37062208848,-102.175154351649,846.381651750849,-101.762162785722,2238.41304203547,-309.007564627659,604.230397049181,-36.2881964052964,1781.11225690174,-230.288564717312,1251.12053245809,-115.960515765213,1525.99539675618,-265.992963985533,646.594772675044,-99.8591270416054,293.125278696369,16.4957633330367,380.408742277508,-38.3242824367402,825.46033968991,-73.90025331754,291.442833534776,-14.1059653593391,1924.53781828118,-147.189260756887,580.565481503158,-55.8471634705254
686.926495329741,-20.4985706257071,1736.00034861378,-105.100420754255,851.296736928646,-102.956758739336,2262.39126370622,-315.621550217928,610.211534743,-36.7423573670143,1794.61345908849,-233.839185419965,1260.88965150183,-116.926907084012,1535.78717928664,-267.470949265054,651.706415532334,-100.871738269087,298.243205365336,16.318863141274,387.075134965533,-39.5657803552547,840.876381364075,-77.8156424739177,294.905765162625,-14.3333812154339,1947.88892677192,-151.544708313122,591.596801773045,-58.7349070157929
698.863609983769,-24.1302182945111,1764.34949148097,-112.750236809396,861.487161639262,-104.230979330749,2282.88533879399,-319.49830778295,618.763918755434,-38.1492413043286,1812.27359520341,-237.059759722063,1274.87547589847,-120.031763852546,1549.97842925931,-270.747676949077,658.713349162764,-102.296279122931,305.257328872399,14.84146599669,394.130740633025,-41.1204828172834,858.820287516242,-80.8460737608427,299.4408040919,-15.5719000952991,1979.5051332829,-158.047460423028,603.007175136293,-61.2666952949186
688.723514870739,-21.1240165718736,1733.96935478119,-105.40013077773,853.45626903458,-104.251600001716,2254.54607434126,-315.170556391552,607.958924555367,-36.8106082861164,1792.91067571508,-233.400922226862,1254.88785646948,-116.72105194861,1532.07250689807,-265.899430626025,647.670483375467,-99.7604964319183,292.802450600218,16.4158759583332,379.62257088658,-38.0527759867056,821.859283318648,-73.8749046692368,291.426942811106,-13.947854389897,1923.72497289259,-147.617981458255,575.039914522169,-55.5366072537774
689.017446168243,-21.3460574278503,1725.28856226682,-103.780019052582,846.15678214536,-99.6084088820842,2246.50986652176,-310.672818640917,606.16344331956,-35.7274783171284,1784.06838341009,-229.596994403228,1251.32624282559,-115.135470967776,1529.50227541625,-266.079613957697,646.193862284207,-99.155561170615,293.970837585897,16.6698965366925,381.202319296414,-38.2949418284611,827.122194806272,-74.3556085038289,291.766322624744,-14.0035540563539,1933.53264924689,-149.687630381975,581.20420058767,-56.3527612278048
695.628489072669,-24.1235175678795,1741.51404377718,-106.664876959494,856.039906071271,-102.466112087421,2269.54886927494,-318.154229884818,613.969469290544,-37.195228085559,1799.81527756613,-233.314312403129,1262.71233235616,-117.291915568949,1538.9884862913,-268.095570927194,652.686321229362,-100.970891205581,299.274360096661,15.7926058886296,388.068508124799,-39.7746002794864,842.42326062365,-77.4130969715936,295.41134377536,-14.4245190672091,1958.81259233688,-154.727766959309,592.649247817274,-58.8942143180707
699.77356865581,-21.9555454968931,1767.32710673832,-111.624459280219,864.984077485637,-105.234596983818,2287.88258604756,-320.792318167585,623.299411567491,-38.9588980705467,1819.44617183057,-237.757603944388,1276.63610320539,-119.747802107057,1554.53327811295,-272.188626087332,659.704928972975,-102.711362166437,305.747391521166,15.4239486221738,396.19075125181,-41.6066677240253,861.727314040234,-81.4354609626602,300.965405701744,-15.815197916946,1988.1447711638,-159.597459872058,605.10688655976,-61.8538798026317
700.383607494715,-25.733030790438,1745.18830211244,-108.098521560193,858.452282157256,-104.019962981854,2262.1650355302,-314.468756988585,612.41934874559,-37.0761366229559,1805.18772888857,-233.782673850005,1255.16117286899,-115.60792437117,1537.81187491064,-268.233889248919,649.480046836959,-100.392497757563,292.936976212326,16.6431313527585,381.905723281194,-38.7281353272116,824.416186307269,-74.0314826515989,292.168670497949,-13.8595273094899,1934.41253882297,-149.55099665668,575.93237931105,-56.0743713995363
692.495301503231,-21.6654223214318,1728.16850956737,-103.21480178968,852.740680242813,-101.815773357653,2242.63364967142,-310.082129106197,609.188802283939,-36.9695249638272,1791.22804714362,-232.262551252732,1249.68415555773,-114.572366256933,1529.77306676188,-266.098595965092,646.767800893905,-99.3226093226691,292.259116472021,17.293118617639,381.773057895491,-38.3978282524939,826.955946207543,-74.5826797686216,292.201871518394,-14.2840183988936,1939.00304865028,-151.849756871815,580.899984196448,-56.706290410927
695.8449964913,-21.8814246146382,1751.25194839349,-110.844875484672,855.542457741063,-102.984862859035,2266.53043886038,-317.122440937305,615.522674563708,-37.911225521782,1802.29263034737,-233.899429178524,1258.83431040479,-115.774645493164,1537.92135792251,-267.660907306684,651.972312384225,-100.948948134538,298.553649062933,16.2399265438201,387.974902218956,-39.5482600097709,842.501694489215,-77.68437736908,295.868093538205,-14.5883645947256,1959.42014359607,-153.365757970582,591.638721211725,-58.5936735751214
702.94863008097,-23.1673577109028,1766.90813064442,-110.236742176716,864.626980156585,-104.621392457784,2285.97607892415,-320.963637045007,625.193158672245,-39.5603452529687,1815.83841600708,-236.593767453801,1273.95378116077,-119.095917922955,1553.93684599014,-272.230878279297,659.312137229787,-102.64342846589,304.988816049318,15.6993959079055,396.253436841527,-41.4859287579088,860.88374811163,-81.0908996195395,300.790226092001,-15.9270949739751,1993.1033806753,-161.689212133357,604.509980134294,-62.4614178218995
704.476307283174,-24.1795950514446,1773.66132905892,-113.261102967769,865.240808190795,-105.572319362027,2283.75489459021,-321.546806157614,618.849627880749,-38.7918546604226,1813.93230892121,-237.325121410266,1261.44718905332,-116.826832802381,1544.38197064741,-269.449556530385,652.57640690676,-100.4515991534,295.473355394242,16.6012824299516,385.165912995356,-39.1468400313049,832.474084931743,-75.8558428809735,294.769310712824,-14.7161258088294,1955.80445902426,-155.40792783672,581.108428826799,-57.8509191208933
694.408899225163,-22.902026702768,1744.43244603331,-110.585476849176,859.887797689099,-104.568162142855,2253.83625888285,-313.906556742737,612.390588041899,-37.2278947959601,1795.87595991017,-233.845635931539,1250.33100585754,-114.733007257938,1531.0940933486,-266.345206370434,647.828345934898,-99.7469336807845,294.293121244146,16.4609693028473,382.953636564981,-38.7538585314165,830.10845906626,-75.5691930632614,293.124670411862,-14.2984875585627,1947.32434217611,-152.71747650265,581.264557471449,-57.3542960432285
697.66481598379,-25.8505263515863,1745.13068779915,-108.774730715209,856.6480933849,-103.669550036087,2259.6593902115,-313.125791516366,614.94913101123,-37.1322093042955,1797.94765725124,-231.98036029315,1255.78501177997,-115.021996916385,1537.77429861228,-268.667640537719,651.961487502164,-101.103630204775,298.133979654997,16.2479327590138,387.159532308568,-39.1514263992071,842.494347935838,-77.8769858096058,295.413147769567,-14.6523025085449,1966.33355089164,-155.977838259128,591.014377550901,-59.3727589652347
704.44918472962,-25.7514367702977,1767.64034028267,-112.654288265717,867.201986306577,-106.82999741418,2290.56414057267,-321.608098933406,624.328651280199,-39.3051770343904,1814.92632627647,-238.398035620427,1269.42596055671,-118.132385479826,1550.71522074204,-271.845353510054,656.938146026338,-101.615982772232,304.347762415081,15.7422133310824,394.503624562828,-40.8383006416047,858.51612464203,-80.4156524456596,299.833026736031,-15.4924083028788,1992.18364481099,-160.646481646758,600.110309093965,-60.6119912062802
712.871498790506,-27.2800325265728,1794.55286153826,-118.597871964915,873.804227974606,-106.862490352327,2312.71245740841,-327.114893522419,629.541187625602,-40.3061180769788,1827.47882042917,-242.103776480761,1268.48082886806,-118.480988899091,1550.87503225192,-271.331154795943,655.909519878371,-101.300196342508,298.644790635522,15.5916745087694,387.950177463025,-39.9197382296847,836.751852353679,-76.3447341279958,296.382137328535,-14.6319764145969,1966.5870297454,-156.567179860029,582.463019793983,-57.527197634426
695.343427911049,-21.6328745428826,1744.16119146961,-107.335679802476,859.899689454081,-105.095308481457,2266.44800124975,-316.005558920002,615.988238733855,-37.9580969042786,1803.98042983877,-234.931293804009,1253.89725123448,-115.337323404576,1536.87011745329,-268.776377607992,649.273685089612,-99.8814038630152,295.584776988306,16.5830036214456,386.412340652051,-39.5557904843088,833.692951316978,-75.1393255124997,293.898736038136,-14.2649452911586,1956.70252772513,-154.405285743721,582.077003166159,-58.3855563152047
694.816829400869,-22.6369816805308,1756.01202151726,-109.622489135005,861.821394083066,-104.579983195444,2273.17186417485,-317.627004832808,619.349669033546,-38.1974051113056,1806.01502838277,-235.49444334834,1256.43301551137,-114.627724832848,1540.87083352503,-269.067714352921,651.886912481473,-100.561188149571,299.715664221419,16.1676001249904,390.536651047733,-40.3392297031822,846.358467119095,-78.4164733212641,296.828689290477,-14.8618749551086,1974.24494071852,-158.698799336831,590.210127361094,-59.3783282192774
706.803249052484,-25.90062691118,1774.69563434835,-112.567490106883,868.700611320903,-107.458205549021,2294.77735752687,-325.452414174298,627.37612237864,-40.2814453119188,1819.11094189984,-237.751637274633,1271.03742325391,-118.771193545614,1551.38179246874,-271.709562505314,657.753392573969,-101.699989727953,305.57260818437,15.5460061171605,398.494480141264,-42.1966278804791,862.313791504922,-81.5365996992343,300.484301740855,-15.4703104937316,1999.02881891477,-162.61102018523,602.603636870875,-61.7406450048081
715.816830590305,-28.5916071365543,1795.38063886318,-115.802312253566,876.887424112318,-107.852659869807,2319.47771398002,-330.031138367894,635.639643319334,-41.3454760282528,1834.5543355138,-240.839711612074,1275.5587137824,-119.699683016876,1557.7856530733,-272.899671138357,660.467523845264,-102.882034535319,301.423612148377,15.8896557879103,391.54033112364,-40.8747822210545,844.219284547367,-78.6914285518777,297.314837635045,-15.0558464904255,1973.83614052897,-157.312074378383,586.370251374619,-58.9424833185919
699.87198457035,-24.2656498396779,1751.3953379847,-112.702778404901,859.691821551581,-103.913512322978,2263.10179870218,-314.281794586967,617.78091128587,-38.4853572855439,1807.06886990761,-237.535941746081,1252.02956632745,-114.800568065994,1535.86216907058,-268.031008053139,649.141603490981,-100.234965018754,296.348479797091,16.2899815440874,387.602231570785,-39.7639745545676,836.197320362457,-76.5518660507901,294.378532130737,-14.5607902221142,1960.41668908138,-155.187033994267,582.1368790687,-57.9657603420497
698.957265828469,-24.5779477996462,1752.10838071923,-108.727259511417,859.046855504265,-103.075417732813,2270.89808175602,-317.194549954355,620.801679324005,-39.0318867887567,1806.68274491886,-237.221338088317,1257.90194707929,-116.668338752929,1537.91649938806,-268.795282451647,650.940313758289,-100.222381710561,299.445961642531,16.0385111864381,391.150931977089,-40.4122280224091,847.633466086111,-79.2264619189401,296.076773706985,-14.5782397903155,1975.19310132696,-158.298886946102,591.353666787197,-59.5372679539865
703.618664292399,-24.7581214079429,1776.43231370696,-115.314409148177,866.332114250622,-105.718650776999,2298.4848066558,-326.266530474932,629.587699550495,-41.2058729166226,1820.96879448535,-239.186014249955,1269.55230165358,-118.077920694512,1550.92409520461,-271.444179770726,656.821089894877,-101.528947475577,306.019610003349,15.4840103689457,398.462078041085,-41.7859851654835,864.18370621963,-82.470383043248,300.831866129844,-15.8010283050013,2000.0330407655,-161.926464144049,603.475744794633,-62.0993272156771
711.781543268488,-26.3816449935168,1800.81935645877,-117.774929435563,879.515377043297,-109.593125173793,2324.56508877913,-332.989611713542,638.667093202939,-42.5226274242211,1842.26883931835,-242.985364070479,1286.8417238445,-122.909252889337,1567.94317845846,-277.171643654036,665.324603931874,-103.699384693767,313.135249794208,14.2659032954444,402.311167923722,-42.6772830266381,869.061585234124,-82.5834618473026,301.704021982721,-15.9312477739439,2004.96056027673,-164.18520395737,598.553938202343,-61.4916528149063
701.209866873496,-25.9679253754982,1757.12133720749,-113.096140332862,862.102675739363,-105.506671548485,2270.48776629018,-318.839149518382,618.420160455588,-39.1387563874547,1804.83523348904,-236.830469157748,1251.42530597865,-114.92617318438,1537.13706846591,-268.850038441465,648.806298266502,-99.588322079483,296.74752181039,16.04408115422,388.273291081792,-39.9786463901743,839.537598762465,-77.9309505347453,295.821405477361,-15.1479944025153,1967.41346731994,-156.922547528088,582.368970986101,-57.4181072808717
695.446658826475,-23.6079504855494,1749.31267069961,-108.695478855327,862.46326060072,-106.743913619453,2270.52501730487,-317.55228503728,619.739391619314,-39.5205118579591,1799.84506123933,-236.243276331064,1253.65341414849,-115.498457926321,1536.55618660358,-268.329254088434,650.004222646926,-100.111714493314,298.953278207768,16.2234353165152,390.423238037206,-40.3108573737897,845.809108871312,-78.6997172693376,296.173282650375,-15.0578714056448,1974.07783861262,-157.996881088074,589.486870431453,-59.4155480336021
701.097294453068,-24.9786604980369,1770.29163140826,-113.14827827188,868.427794865308,-108.782586525921,2289.33730166455,-322.75779000254,626.712316892944,-40.9258607003738,1815.25523506506,-241.504644114209,1264.76829219732,-117.188767552895,1547.47178031758,-271.318463133013,655.122001777312,-101.385631305085,304.927533746683,15.1453054488187,397.287591907465,-42.0510145809194,860.58202997627,-81.861026189841,299.517817158865,-15.5753154416476,1997.52757476404,-162.241452337209,599.670054213995,-61.4203520168302
711.378704711376,-27.4185093003397,1792.17779378059,-118.668324307656,873.938482712731,-106.986296638737,2324.75874208595,-332.730065329631,635.514112201792,-42.1049929958885,1833.18161602169,-243.04280056298,1279.63293187755,-121.346245165441,1561.39390113339,-274.926767770755,662.149525607455,-103.441244072117,308.214341114667,15.2261885902316,397.47968461644,-41.925698836081,858.058498011293,-81.0241376935277,299.233980840469,-15.6209110802515,1990.19732515046,-161.501951287717,591.631947432592,-60.0267224360625
695.638516844115,-23.2947961541806,1747.78335786542,-107.859701691124,861.320618454237,-105.863126229607,2265.80249158858,-315.817787101929,616.784634515979,-38.2982341252063,1800.14457511296,-235.634497274697,1251.16962528377,-115.694198885842,1534.61483058912,-267.560828662439,648.521528645965,-100.167604744526,297.027815344368,15.9181420231777,388.182947935609,-40.4580259470526,839.052338145717,-77.5032155777363,294.5437070611,-14.8483973623351,1964.65946085828,-156.845234041539,583.648791390463,-58.618775081919
691.949797312888,-21.5929897077488,1749.40781868618,-109.804761707013,857.704242708838,-103.222811737225,2269.89082000801,-317.841447882993,619.44720666765,-39.5113484593276,1802.60266377599,-237.10701736289,1253.80317333346,-115.255361334119,1536.22568760822,-268.260968268418,650.413302575394,-100.335395870651,298.650000207738,16.3390721339354,391.767532465207,-41.0689475947998,846.441482096407,-78.7683168849724,295.600887008995,-14.6587996347592,1972.88325917167,-158.182851455088,590.273193855214,-59.29085284907
705.052048934707,-28.0232382649152,1768.97818626955,-111.950454887404,864.786682635985,-105.520480225724,2289.50071162222,-322.588952241145,626.423353650127,-40.4785225947262,1816.89072886971,-240.336639485632,1266.98649486603,-118.753458700576,1547.24764357614,-271.074910647618,655.287332322978,-101.275370745875,305.259763860106,15.2227205845425,398.251395089827,-42.3373755843418,861.526276857399,-81.5225876571834,299.688984970684,-15.7847324065037,1998.52960896133,-162.936183663102,601.031928533693,-61.7053966684926
709.651907462055,-26.1411537414871,1797.70048902057,-121.630880629256,875.665491709454,-107.137137430394,2324.16381770326,-333.704735463618,636.781296068374,-42.9880930101918,1832.09893181581,-242.991166537619,1274.70671409275,-120.146067891303,1558.03220848243,-273.482745716066,659.359586025548,-102.403677895683,304.235073536102,15.0595918027444,394.229432530456,-41.6826713379902,849.007827243534,-79.4792963361738,297.067270573384,-15.3711784620616,1978.99210680885,-159.341511212603,586.347110051523,-58.5207441945739
692.654302256632,-22.5692977471064,1741.11480851863,-108.53514984442,857.054135917712,-105.003041091492,2261.10153547687,-317.597465723283,615.022449581252,-38.54892602887,1793.74665455756,-234.555781880229,1245.81659815471,-113.761304728917,1531.12992624268,-267.106289789259,645.638066331622,-98.9070075870492,295.875476464355,15.8506564702184,387.46987964625,-40.0919055674196,836.562885951849,-77.0350984152349,292.931920542669,-14.3959170541193,1957.64718420625,-155.438419012315,581.130013906731,-57.0905227940409
691.972431959092,-23.7580121809186,1739.49820895972,-107.237451592586,854.009249721162,-103.148200917164,2269.31727211632,-321.360871317002,617.00764480314,-39.4907203830319,1788.7095005659,-233.205019313753,1250.40390352254,-114.934310005339,1532.07701752495,-267.08827191962,647.878840124717,-99.6817574296163,297.766620129957,16.2721897124003,390.847023189428,-40.9518858509769,844.860967338795,-79.2923071846155,293.993202422215,-14.5817969195427,1968.97970322918,-157.466105535914,589.114200033556,-58.825242970894
695.167317627551,-23.1873173510752,1766.88482238325,-116.802307467447,862.89310122113,-105.888445046083,2286.38066701592,-324.394408091494,624.118126058916,-40.6408631066566,1802.67269662738,-233.986981243043,1262.45295817387,-117.009513730728,1544.32128701543,-270.333608957918,654.399395090839,-101.429479817404,303.956728558339,15.3899960312136,396.756168376431,-42.0471914660985,860.434663848673,-82.0093460373936,298.101576929188,-15.1600151248397,1994.93664210525,-163.412751467275,599.111547515308,-61.0640001706393
702.575909233552,-25.5117674444574,1783.27452247195,-116.943745271499,869.799552909602,-105.328790133021,2309.78904588002,-325.782797714616,632.619854377269,-41.8440039592072,1821.64830090602,-240.822444039444,1276.97759597237,-120.592417592153,1557.8234681757,-273.991131519313,660.561783834612,-102.446562786668,308.263392768183,14.7471691796834,397.918961696593,-42.5205876028448,859.494619766442,-81.6583931933808,298.684269313545,-16.0047298901434,1989.39923269047,-161.70020113502,591.353042452323,-59.7408846243017
689.606907732613,-22.4492856460262,1737.77999259912,-106.412620332092,853.80469276034,-103.142979974932,2257.49760572627,-315.295872088974,613.447528064912,-38.4670269436567,1787.67200979866,-234.209230978832,1247.57325645332,-114.786965434669,1529.58018064261,-266.340138103294,646.950317924332,-99.6379766936361,295.620090774908,15.9499067630765,387.919364445258,-40.7954799291001,837.726454486904,-77.7390940997502,293.813774723449,-14.7311789952355,1961.52469040956,-157.248050964886,581.440527938875,-56.8733684890987
687.282509216403,-22.0534276828862,1734.25132782178,-106.072891078518,853.561977140817,-102.071168508669,2255.78537260882,-312.288306202416,615.223009609932,-38.6014799891295,1783.48715799293,-230.284762828124,1249.55833808364,-114.973701958316,1531.14755629226,-267.400787793561,648.407770429949,-99.5995224937794,297.811805100278,16.1021115587177,389.756957371779,-40.6920197524519,844.523161599404,-79.1752370716128,294.748470428768,-15.1739867887074,1969.81371280585,-159.407127381459,587.980283302522,-58.9163693447565
693.712400182423,-23.6309578470675,1758.1508368448,-111.248102888673,858.530150352159,-104.025337341244,2280.60133843428,-319.612086026515,622.755925538518,-40.0381873029881,1801.7969050607,-239.11711329338,1261.24724498761,-117.211517223048,1543.2173067004,-269.993572349782,654.141445683989,-101.426791641003,302.699801694177,15.7595740819459,396.299990672113,-42.2234862609689,858.981733289931,-81.6864399414112,298.591420884444,-15.6194875436191,1990.7450528897,-162.15436796689,597.079153448923,-60.215113265205
696.148890925624,-23.7611691298417,1767.93187711986,-115.197794190708,862.596488536166,-104.024089155566,2278.27391650178,-321.388206443119,617.168715308974,-38.7875386715828,1799.79806502703,-237.500912923948,1253.47147564985,-115.923830814397,1538.27657675554,-268.693119295767,649.934297134452,-100.267103190689,296.691849611588,15.6441038618585,387.824849886964,-40.7447125259741,836.942471015969,-78.1523154046285,294.102228209281,-14.7889713861146,1958.0505774105,-157.155160532984,579.063748180499,-57.1484757950595
685.774529807315,-22.2418334700307,1722.71625074892,-103.306388555312,849.81877071523,-101.208871172191,2249.48106852964,-314.568748719096,611.067393470366,-37.8790119779391,1776.54081530268,-229.884519809737,1244.94216543345,-114.451089124576,1526.30127195137,-266.646150137334,644.653360260949,-98.6780787816195,294.091789654411,16.4526887882806,386.001233838999,-40.3500764358732,833.454396911348,-77.1437419157909,291.422750037955,-14.0654547260079,1949.30993101505,-155.416236487515,579.228731100686,-56.5515031160527
683.561605262813,-20.9230874577366,1737.04394985502,-106.720634317293,854.285938330635,-104.537595190559,2257.10267671351,-313.69256166797,613.455084020139,-37.6118359362188,1781.71589410289,-229.976638973286,1252.74947462925,-115.076908597,1530.85605022337,-266.127551726721,649.672123038062,-100.098333690651,298.726212996059,16.0680054582676,391.073199657681,-41.0434771339873,847.027557475697,-79.692284017358,295.08908684482,-15.0375096947417,1967.74661996367,-158.59389784201,588.183395402396,-58.0203597744499
696.004371070419,-24.0479316310853,1753.80697758182,-107.88683258497,862.104065580971,-104.533552410516,2286.41014280788,-322.15530508029,622.239778840785,-39.6794620732673,1798.35857999059,-234.410780922491,1267.32105376477,-118.811663609645,1545.34812672314,-269.46752504795,656.910287201179,-102.147926336557,305.777953362882,15.0683162133141,398.366961163551,-42.8355830399185,863.460769339833,-82.6930506794301,300.002809500361,-16.0430432313255,1994.8019700713,-162.901967138395,599.208519291771,-60.3215801594941
699.790178762071,-23.2335253751976,1778.17455343662,-113.282272449607,866.796935755055,-105.28518838767,2293.46414691582,-323.315354954916,622.471761351367,-39.9590982866978,1802.77466738337,-234.333165681834,1264.32036095064,-118.489442282248,1545.6998977821,-270.395722496718,655.003208814074,-101.220039382209,297.967925413128,16.0937350666369,390.022199096231,-41.1675921764763,840.693201472776,-78.4556797330689,296.019949215992,-15.1184875817794,1964.31648186696,-157.590939273189,579.264346501991,-56.5762605850887
683.532409587969,-23.000097204356,1724.79658631362,-105.427951998913,848.420965156953,-99.7215101860675,2253.91033484588,-314.549282656829,609.127845099679,-37.2023631412138,1778.85748870133,-232.790934314265,1248.87787272287,-115.205207902367,1527.33003071858,-265.973183347061,648.461194909504,-100.29095126863,295.223587279606,16.1269885486587,386.497686520261,-40.4396699730084,834.316810550624,-77.1885984722731,293.532647563075,-14.8128922810692,1950.73305050719,-154.764618507026,576.689449542047,-55.3635242774652
682.088112036531,-21.0941342181492,1732.02692420849,-105.010192940139,849.82455024548,-102.369416221693,2257.90672251562,-313.168969112285,612.643642524779,-38.1706331107869,1779.2195050816,-231.437966985597,1254.56407975012,-115.588365680699,1532.45589269935,-267.237402435511,652.498632680342,-101.449502487554,299.14350170357,15.4228181597485,390.186191698941,-40.9119101569126,846.083895788124,-79.8487118170616,296.067803188726,-15.2245096677382,1967.40802322041,-158.381606735302,586.140560096064,-57.6626450270072
688.442582529674,-23.1575580483353,1752.4963573594,-109.917884682187,859.637423244865,-103.579627639838,2288.1009896512,-322.516846841287,619.118298112407,-38.8739833282125,1795.36435244628,-234.085201987609,1269.0262376702,-119.785056106373,1543.96231414191,-269.336022493047,658.227229784647,-102.435069245048,305.280628690026,14.915489745138,397.477776387845,-42.6129156545341,861.925094083414,-82.6755699640832,300.288146141892,-15.8885560587444,1993.31639919581,-162.993802195796,596.310959147547,-59.2444440739753
699.514959462934,-25.1789929395364,1775.87657895954,-113.49701544855,865.845436135724,-105.555143212173,2311.58827923495,-329.35111669165,625.933878034738,-40.644090895897,1807.41002583802,-237.497581620638,1273.701371505,-120.720626100611,1551.49449981249,-271.739293721632,660.139709586834,-102.822769578284,300.385334653062,15.3944418078282,390.978885326036,-41.2115222658046,843.600353167188,-79.6224728372571,298.144236032042,-15.773093424877,1968.50205132466,-157.658403780984,580.025736746169,-56.8997757859659
683.593178441307,-21.2493271169112,1728.23529477777,-105.690318401992,848.335634706188,-99.7596931558354,2267.71908896597,-319.726786932493,610.094007473934,-37.3429126674794,1783.88789220377,-231.905516399229,1256.28163838546,-116.847970213894,1532.72226042499,-267.178600938939,652.238876535873,-101.13206419663,296.845276419115,15.9078527973986,387.215566285811,-40.3820472192934,838.524282827477,-78.82930852018,295.582408448698,-15.29601664113,1955.33109245903,-155.434837838555,577.594016190435,-55.8338236690335
683.003158501935,-22.0878538585083,1736.61695112796,-105.254872661571,855.250044104093,-102.973736149386,2271.35232787836,-316.746879771687,613.281979259174,-38.086478008664,1788.30151205886,-234.301698217715,1261.28669545415,-118.084170957458,1535.08344664244,-267.343394603411,655.048618893261,-101.743782437041,300.934871240859,15.1957116395356,391.393404768502,-41.349022662286,847.612502121559,-79.7913204697706,298.05315370162,-15.7678995139149,1969.47124720984,-158.686470978913,585.661848067447,-56.957528669402
687.773518730488,-19.5504800126648,1757.25619214355,-109.263456871086,860.581455192276,-104.457624967582,2294.47781403339,-325.470241091728,621.217500360819,-39.6186494115125,1798.34407974087,-235.091318873392,1276.39751695649,-121.161898809093,1549.22378497191,-271.166737134288,662.572129455703,-103.804047183883,306.267319667517,15.0504379473316,398.209263524306,-42.6606284471383,863.165137364906,-83.1147160725551,301.842886088482,-16.3681778565796,1994.74572716261,-163.896769150495,596.146165603472,-59.0694670624168
694.05070090026,-20.5569595642297,1767.68037204495,-113.387614008294,862.828718983564,-105.318966222838,2293.82908262205,-324.63575526536,617.030028368156,-38.8595888823959,1799.48932620347,-236.292124898527,1269.11874877647,-120.303104827586,1545.00479569228,-270.518979710632,658.467134444469,-102.96660401328,299.714800881866,14.8906771037576,389.943129086185,-41.6813299943311,840.114129099936,-78.4374775948419,297.941400322475,-15.702153583,1959.89498915466,-156.222068575319,576.516012572352,-56.0172437693227
684.044070266099,-21.2855047861967,1729.99652799737,-106.680005172836,850.066304263482,-101.328171254499,2265.51192989093,-318.771881696549,609.75863976832,-37.1847319082649,1783.51643918048,-231.353061405409,1260.21269682948,-118.119307452869,1532.84556918864,-267.605160185434,654.077380768091,-101.663233998894,297.582664173054,15.3275168508039,387.382928476214,-40.9609492244642,836.469890430314,-78.0308883561691,296.310252596239,-15.4868116463483,1952.21975522898,-155.831626429984,577.423160125321,-56.0493400252705
683.10427900913,-21.849276808442,1742.67679925638,-107.199513083094,854.024134290039,-102.643639986244,2280.99100625677,-324.646072890502,614.908498052635,-38.5124267618239,1786.10663549648,-231.155658646801,1269.68885011177,-120.151001462727,1539.27601789862,-269.134848715431,658.60989883431,-103.308474284933,302.035032136164,15.2491765681894,393.013186754519,-41.7846187073048,851.032618660525,-81.43482309595,299.326217110005,-15.7113635339561,1969.46407735319,-157.56198596802,586.409494103568,-57.1980674905604
688.541098330793,-19.6779859866856,1771.91433440687,-117.157458761718,861.911585083979,-105.047877652339,2312.1366810477,-330.583504857701,623.201225359882,-39.8300614268535,1804.69883998534,-235.942649351859,1285.63312439625,-124.277103971362,1553.0757801009,-271.775718551572,665.898982014476,-105.108561912852,308.390621760669,14.70542823158,400.524721026824,-43.6354980685751,868.543373772044,-84.5373925750066,304.268804092943,-16.8622804580886,1997.97682974918,-163.559546551254,596.298857694672,-58.7191799668853
701.019447623261,-24.6420383270644,1792.9421801186,-121.099376438144,873.172092278953,-107.397046490361,2339.19213535469,-336.767425420987,629.614096677022,-41.2421368751609,1818.2778234156,-239.265423746268,1291.00109647307,-126.639738811247,1559.22776332135,-273.711949017767,667.975401472107,-105.311407090157,304.3292644561,14.6158225882412,394.344503062745,-42.3365162111447,849.250654902844,-81.115921688825,302.601667388011,-16.8040540426485,1974.15203908026,-159.670377921777,579.929952722385,-56.8848144837891
679.221790829724,-18.5146869065854,1735.21840679806,-108.375121617007,851.041226263802,-99.6418044207311,2280.01760030942,-322.037092714824,612.546929948288,-38.1099314230328,1782.80489830064,-229.307945846422,1271.15670826935,-122.422469116024,1537.56549802513,-268.446828997248,659.399238827523,-103.555929122096,299.28918298392,15.2492357361456,390.111937973374,-41.3880143238105,841.762451437147,-79.3414436738095,299.261599629249,-16.2903913400386,1956.97992953502,-156.035640833845,576.822907336383,-55.3570839636716
682.367987743551,-19.7829822418438,1744.20974645114,-108.35653230663,852.658243180718,-102.078294814948,2293.82561749602,-323.75339783978,614.561848828264,-38.0660590651903,1787.32216947417,-232.12382441704,1277.1364359935,-123.056870123399,1540.58786224567,-268.885389795628,661.422392171323,-104.009264105467,303.443918404367,14.4578316027479,393.870907640003,-42.5478578614556,851.098604606393,-80.9388664374871,301.586303622066,-16.8371049787242,1971.5992828369,-158.852331068757,584.766252274509,-56.8324711715302
689.257406633166,-21.1485610509385,1760.50876276466,-113.997003873386,861.449542882052,-103.972294435457,2317.4457237722,-331.449838675594,622.877591717911,-39.9680560971314,1802.86677582671,-235.926690268815,1288.84669500959,-125.649112624796,1553.40288294828,-272.049658826733,668.658505105969,-106.35912111647,308.880104165377,13.8108897152981,399.681040819907,-43.0185783886117,865.534390802398,-83.9261669032075,305.587268675923,-17.367221801305,1995.54750800493,-163.693934909272,594.641946888974,-59.1615485636904
694.505034939242,-23.7286927344603,1764.73350357764,-113.651625677614,861.805261197077,-105.475966135505,2311.19769720871,-329.419472453784,617.213342519059,-38.783363649717,1801.62266539856,-235.381052249176,1281.7538926974,-124.787949198409,1547.34766961817,-271.30775973154,664.043832195449,-104.865237583912,302.233941766048,14.9756501960579,391.37392847227,-41.5159326178185,845.133013580461,-80.0849335747153,301.601450321245,-17.0411182122229,1963.5933383959,-157.681529998999,576.325175689551,-55.603542929976
