877.548706670325,149.857908435626,6.50378712105307,-0.144023262180177,0.16306281823059,3.12388990503232,23.2967873304596,-8.04319690380334,294.44123962807,-28.937882272687,18.6635801242267,-2.13221970100815,111.914054650728,-13.3260947487702,330.889249495522,-57.5478906331871,119.65803629935,-22.3313497199885,249.846751337105,74.5427179534078,84.0859463805882,-3.46470185900834,194.567323343723,-25.2825409004726,160.776344354073,-0.52485327590532,60.3128223205105,-1.43785341581489,190.537351065695,-41.8748976696345
876.328697262018,153.344027353523,8.40965579324152,-0.912562933320922,-0.161396934513561,2.69370842206397,13.5776210361702,-1.04256567789719,287.190387456911,-21.1534828386223,15.7205666143375,-2.24506046484684,118.205680311773,-10.1573128658559,326.075656486536,-49.2681787875557,112.392018502272,-21.2086481224664,252.109877971829,71.2061651944382,79.4301739875602,-3.10808001899282,189.292789378521,-23.9691304739619,162.177681687194,-7.35197423161422,49.9627862412434,0.758208893690037,167.898833895215,-31.6888085544451
867.921235704238,151.615713730832,0.618537534258775,2.27123815218878,5.84070151881757,0.611493596138432,19.6844576289631,2.3704794543133,297.928259078979,-32.3273998956486,13.2302671410926,0.876727577169457,104.77873151315,-7.85425906718245,317.400293185985,-50.0659035310548,121.926809605891,-23.8055300077963,259.498956893439,66.430882777228,74.714575712967,-4.2385203903736,184.869325040973,-25.3011384286809,154.682751760783,0.451152891699246,68.3588670932722,-10.6126884284028,188.057167975634,-42.8481471440758
872.374655778121,148.252849296125,2.10707266867084,2.33670266428028,6.73515874904122,-1.83652642605281,22.8821909280527,-4.31791095746265,296.415923490766,-27.0870079908582,16.9024486344807,-5.64482878116418,117.104176592886,-9.99106127022362,319.38183054121,-55.8872012489302,110.240825424308,-14.9916854765575,257.819394261761,67.3324759134639,84.3099391504961,-4.20276758861914,194.29802038765,-29.3651199458719,161.799232914107,-5.50859475083071,60.8397477354221,-5.5494848869387,184.675763106627,-34.1669735454967
891.257970339701,138.139688625006,1.45839743512476,3.80469612796935,4.91464911955226,3.08482495656878,18.3231193603996,2.52976977439122,302.842483235495,-31.9790255136336,16.4368830877631,-4.50839873325513,113.348728697309,-8.37197459373008,324.298083149768,-55.0042222971731,114.571800367263,-17.4269145913239,264.547542529607,76.9732266189224,77.7500025090632,-3.92286809445609,200.635398437023,-31.0549689405071,163.740545642047,-7.77194036953173,58.7955360677744,0.984309159329751,176.942508976137,-33.8660378216114
870.493239256111,150.976544540614,-0.0360311080702022,2.23685840393774,2.98072948447202,0.692072502254461,24.6440059870308,-2.74234718781974,290.228236618693,-26.0861921007669,8.85497186841863,-0.699477268642634,105.241758185061,-8.61273309734182,319.522457307562,-48.9740652386373,111.387479749005,-20.6722802811772,241.506089385556,76.6496845100521,87.6924907173314,-8.15556488436765,188.724288270181,-26.8984787284261,168.067627225813,-5.03950301442599,55.7317892155649,0.461106909055469,185.588498577574,-40.6581647214811
879.16296104505,137.961412449294,2.0111310199181,5.18145480671131,1.17136821979246,3.76027197912055,21.5523376629324,-6.82009991487059,277.842862524724,-20.6618202992275,15.1527055496446,1.08078439017561,115.802215873909,-14.4011849649672,326.286442144985,-60.1919738074085,115.890610297931,-25.4091780708311,249.120056301687,73.589869007324,82.8375060371622,-4.03503227864789,187.877089150006,-27.2207996581586,149.481895739017,4.85012401148418,56.9365620177575,1.19480926956823,184.214004061849,-39.658179218208
884.41858706686,139.996255592155,-3.18680427375822,7.63731781922199,3.95385270147913,0.269405287417531,27.2924721184175,-6.53077067828825,298.244008789835,-28.8414041485404,18.469664409122,-5.968108024216,114.465860652958,-12.8516552652257,324.236425962234,-53.2843319644744,116.42323003494,-22.1869942410184,254.504287422027,82.0214633604667,82.8118810398613,-4.22470740460685,186.378083245164,-28.1074802592356,156.044729162198,-2.11279800098611,72.8951755021099,-10.1998595098527,180.708998829673,-35.7226407999405
860.697343286066,142.842271899935,1.27277841996416,3.83438799432969,4.55570629766822,-0.399424628784912,16.8162339452765,-0.518235771368758,275.762842009642,-21.966992065913,14.2821593713576,-2.82392813343741,99.9306076323213,-10.7613009984325,313.244060227293,-47.0372256424228,110.014043345709,-17.3552256111845,248.483937394967,73.9974691501495,79.3284751743628,-1.54161916721252,196.779645050427,-32.148625001354,157.518790029739,-5.28855251768344,59.5711463476003,-1.55220167292414,178.888066093091,-34.8110519844658
876.497851244482,134.277151986616,3.44427507347587,1.41696015970901,3.20252393481793,1.4986775976601,21.6288275735017,-4.38318014114203,282.814274463149,-26.497676060955,22.5268500031545,-1.88746116485503,110.990092875071,-9.94824139307614,300.250337911331,-44.5958494320736,110.49138789003,-17.0136414112743,245.453007470311,78.3047867487334,77.5929938980782,-1.49507648290681,179.893327572393,-27.2897651733617,156.70004109773,-2.06959052488008,67.8230151651859,-5.50442653957521,173.572433512769,-36.8202304558052
860.025624119151,148.652922265365,5.61993177697262,0.795172505360391,-0.478716770587347,3.80773861312866,23.5082131298637,-2.71405684455314,284.665545644719,-24.6651343023205,13.7175116834187,-1.2240678484287,109.051048304534,-7.01281874729151,316.181423494788,-49.9128897431281,113.511160725894,-22.8775286675128,256.584324089688,73.9545213938709,85.5809504925821,-11.6327799385978,183.263884259981,-23.9255264408528,160.316504098907,1.3282350215186,61.8551190702755,-0.154923242523297,193.258898900555,-42.9357298833056
858.024921610176,144.127090285716,-0.854488802477143,4.55807697875126,6.52243885784257,-1.17120901493306,22.9357987384132,-3.74278230799605,278.675545905303,-21.6929664471098,20.370496853744,-2.03483942581504,113.976142863397,-12.0596289139663,315.796666932841,-52.6660715392811,114.370896009275,-22.9581089626778,253.585975542698,73.7561178763225,71.4911035223162,2.48938200272962,189.87773672767,-27.1274070700576,155.152578316067,-3.63099285579017,60.4112863367014,-4.19185304006217,180.676729855804,-38.6849902816199
871.132093943422,133.66685014946,8.90534534023166,-0.815954112830301,-2.99079616994202,6.44091252259752,20.1405980751879,-3.04021661664279,277.556802907093,-23.7280177613203,13.8462993947016,3.03873380354922,99.8979205975908,-7.34713024217518,310.807868411422,-46.4594832700176,116.045003717931,-25.4578139018337,249.161818299404,69.5803254637028,68.1653870356691,1.41936351242746,179.673537184736,-26.0354554458566,154.97926527678,-1.4953168973533,54.4226730628446,-1.48774955620221,178.973502173756,-34.3278836159915
869.118759931363,138.03700971675,1.25755600379069,3.45092381889788,-1.25749086962399,4.83525240480818,21.4615028894266,-6.49123114360669,280.57190372932,-25.3150266803404,12.8846718775329,-2.06053328653461,99.0081612870797,-1.53347037125036,325.907358034083,-56.4933041587789,115.781209638738,-23.5666425703447,254.701161728751,73.3228110288527,82.4615450490226,-4.04431095206212,198.401483893632,-32.701046789693,153.864160136993,-5.48579647490113,52.3951023328061,0.501013172049522,176.171703592631,-33.40178421979
874.6211774564,131.574252131896,-1.50299054989081,6.56757338923541,1.30033219614883,1.91135320852278,15.7300426181339,1.4652174073249,289.207017223329,-25.2828169537851,12.8529612909178,1.13359199386082,103.698297634333,-8.24774751612933,312.849624033113,-50.9499927681461,113.12588530181,-18.1775548718378,252.243133097953,69.6084678704323,78.7122285269938,-1.05222257004449,180.00193175786,-21.42712814453,155.308905844112,-1.19867948914816,56.1255350899467,-3.74919538797201,188.809374499564,-40.0099674240522
866.186612294464,137.683525708474,1.28446378361881,2.61930308748638,2.23511930723093,1.89238069558515,19.2918734531066,4.43602788468816,275.102231751724,-24.3617234770448,19.2566752737655,-1.3556341245208,108.110130835842,-6.97389223072547,300.394379982991,-49.5532865372834,105.983363521633,-16.9314857972734,244.174869030193,70.9369210008858,74.3059714248021,-1.02003374693168,179.518137278838,-26.9196670440256,148.578640434995,-0.52594530087924,61.168294604684,-9.60496388117571,172.765655540918,-31.7243353648849
870.000707213839,135.858566074965,5.55921948828468,1.66562268867893,2.08373202416935,4.31872221624571,12.7998475899784,5.65353018931557,273.937182640403,-23.7781741923696,14.2998131707738,1.46688203747359,108.832922956554,-8.88990388837744,310.715047096004,-50.4576174866433,106.396710798112,-18.242775808353,240.639537617926,75.4974379156909,76.1254851301521,-3.77367437766011,181.721301502361,-23.9717573051912,144.880300373919,3.09842599766781,67.090781978819,-10.4129018029129,185.452542845213,-37.0098619682697
867.426655776325,146.008559327608,-3.01267413633845,7.13034542979387,-2.08480196947566,6.99536643539151,19.221679210986,-0.706463912227489,286.492830076871,-25.607971866622,12.6863897455054,-0.866131163376774,110.722598635171,-13.8770176772263,307.68064162379,-49.2686052331015,112.742711179442,-19.4737326834118,248.220714094462,67.8894331554593,69.8771898999687,3.68351759034502,176.392775380474,-21.6723887137588,152.75646449282,-0.334592296698802,59.6799645460861,0.52436111428023,170.075451113264,-27.0821493239953
873.446569374435,129.645731158209,6.41690393592784,0.337134335096121,1.05020847679355,4.87081504578444,16.4957869671851,4.44158166689011,277.280600218339,-21.9852414267726,9.20685101638345,-1.31007965821182,107.011021505083,-3.36179648117349,298.201293021024,-42.7408991051904,114.256595804899,-25.6360541297701,232.542682928446,70.9876797453692,75.547468009964,-4.31842543079777,179.99280955395,-25.2191288669266,139.418886111167,1.44136839785224,57.7969646347785,-4.39943059576354,178.24798707254,-34.8309001762805
869.92130784772,134.907207472517,-1.75971239035854,8.01521040473336,0.0159576142523965,4.22846012676301,22.9331702078668,-6.30415605251975,277.63750943352,-29.1206411827643,21.7777991782954,-5.69759127189141,108.559163130026,-7.33034562906002,296.504731435537,-46.3705622844573,106.040916431222,-20.8608336306347,232.074747382961,77.8034389329738,75.0102331023893,-2.47986907934191,183.626863436394,-28.0531848591877,143.360033794998,-2.3656187918286,65.5144641820958,-8.68341141288157,180.407932083598,-38.40443274132
866.120698337278,135.044615991512,-0.0330274356743433,5.44812761696219,-0.778939404324234,2.20614710929123,21.1657153943609,-4.70783599575665,282.837074019796,-24.4680679260488,14.1932084630526,-0.106101614855707,101.953750814579,-3.88425825939427,314.031284054608,-55.7862165442324,114.549664358148,-20.531958242739,246.718515367725,69.3029256354175,75.7281987504631,1.67771726024635,187.67890307299,-26.9781386142211,142.676427572301,7.8997824067257,55.9748054332983,-4.27669013168956,173.97478369198,-35.0970613582179
863.125716784118,132.955851816593,8.3662467025476,-1.87457122297529,1.65251685401168,0.837548905504767,23.0051454555621,-5.25656581555429,269.689347716985,-23.5505346152243,11.8921146298764,-1.2650336213534,100.362523901943,-7.78091697721576,295.112325809846,-41.5068104122648,116.204554921658,-24.4765542558962,236.437031260277,73.528217632974,79.7716743296763,-5.42295286919395,169.366647076008,-18.4333345998284,142.449821828415,2.48111521614047,60.5302790771775,-7.24371402707796,181.462727521951,-31.1899012579373
864.7977451733,131.293792424451,3.65156366129381,-0.072907581926275,0.716836574072627,2.08235283338331,18.6854808607622,0.676752290429444,269.856903554329,-22.1753532505553,13.431481435792,0.8411075828622,101.329114690373,-4.56673091351997,314.054999574843,-55.3961862850925,113.629325819384,-22.2692529092645,246.668016787744,70.8449854488582,72.7565349341417,0.976737913379474,169.322596836567,-19.7176243357697,151.5126432164,-3.85479861385279,55.8596187473648,-4.54537428059717,181.078249026193,-38.9361785106993
862.963379155421,139.938646882987,3.25902436088789,2.0551125508525,12.6580946969349,-2.22709047750009,17.9802124975396,-0.479967819085145,279.763435355592,-23.4361880409774,19.5624859028865,-1.04959743885736,111.634436760278,-14.1547656966638,303.072204952104,-42.911615018548,122.51895157208,-28.6964222692375,244.345584889018,73.3649307064082,78.9648122915668,-2.45759090228137,182.154451057566,-26.2067693506843,151.996891428381,-0.843821145034474,56.5732745736892,-5.17261952700431,184.460635631852,-39.322883122668
851.199573301482,134.362913537328,0.687259061366113,5.70183139973647,2.19544278404371,1.81282812079296,25.8829297137585,-5.9472838092042,283.170853193939,-33.5114578553488,8.57026275911134,4.52910429813326,105.762387316275,-8.61084735731933,308.319086583738,-49.4966377181954,108.910498972206,-21.3545524083919,225.29154815804,72.1864893399301,68.0164642771417,4.83832018728351,179.675699345358,-25.0674856136679,149.834137268914,0.131536839651213,57.0727505251956,-6.21223222161048,164.820569168625,-24.529673090232
854.280744613716,134.930981466596,5.10793870165499,0.692989034247719,7.44153148889175,-1.92291320266976,17.7660367133843,-1.55041621044301,258.267167101922,-17.8025260906175,17.9434005961387,-4.04997688971279,105.4959259144,-9.06275530142508,294.065707754032,-42.285717291731,110.358597731459,-19.5601207908539,240.041154523097,68.423450408254,80.756522566188,-3.39517710615252,176.907328562287,-24.8425169060962,147.163578619673,0.759946868948209,57.219429100198,-8.78745795878636,178.838264662485,-38.2425145442371
860.475127471078,139.983140578016,-1.69321629939496,5.94143703438407,0.704903977918734,2.00682921522758,26.3976541647616,-6.96383936653744,273.783675048166,-21.039530535641,14.0377326741502,-0.465623453795957,98.771849994292,-2.30122586329024,292.396620898973,-41.3554080649878,113.697664382004,-21.4195762162472,250.051672338631,70.3221433052049,72.0674045582491,1.14270036658247,186.894942626421,-27.4094178819741,147.081992180428,-1.25626753916335,62.5638369071674,-8.8402684619294,182.230677186436,-37.9092034049454
847.585318397588,142.029826981563,6.37454584564897,1.94884109536552,7.56579247474921,-1.48690413384938,16.0937037369212,-0.914681495329224,271.274120021823,-20.1705195841546,12.9866514807953,-1.54591181523932,107.955823789085,-4.95413187956603,306.145382084438,-48.2512694860492,112.276183833012,-18.7149421376939,222.759501352033,73.6497617027926,78.0903617570004,-5.85701989659808,170.839074636938,-20.2836701487816,153.018171307545,-5.42739106143065,47.2200477878641,1.99608727304324,176.617578843436,-35.1137389656419
866.648746170507,125.481102539941,1.39704163113995,0.0645226507310937,5.69281881390786,-0.842641131421745,28.2208743884942,-7.77068232715317,263.604127333362,-21.3867030174218,17.2579661446444,0.506559507757804,99.1967457214301,-5.29761168102231,287.520456565711,-38.5766329921616,108.381729102336,-20.472854067431,227.647493016178,76.6528951214987,74.031416501321,-2.78857995036246,177.542725521341,-25.0801405506036,146.107656854414,2.16476039861628,51.7021010183005,-0.69198516771489,182.644408801856,-40.3914765175544
870.039677365455,129.475692600062,7.71269263271955,0.19278886450964,5.39166052586544,1.14489242040061,23.9994185764766,-5.67481597781504,272.216596634325,-23.605648612076,15.4544920772574,-0.575997116108164,103.800931936196,-5.16859499826902,296.491944733055,-45.1191998202905,109.167497102849,-18.9491517248727,237.748826751504,70.6636116688148,76.5024212283275,-3.44393260794669,178.221569307758,-25.8944934563397,152.263312197334,-3.99886508732045,60.4339257389934,-5.96739844419157,172.828125990759,-33.0587838257722
876.208510532782,129.765305895753,1.246505546514,2.6074089227676,-0.707417494830058,3.64839212045311,18.1586097649816,-2.14426327624587,274.854441237407,-26.4049904119346,16.7000152893063,-0.537967106339732,107.485999771491,-7.10337789451386,301.957635912373,-42.607417559385,118.229972448472,-26.2116159379047,253.471651817643,67.8954123909933,76.6628048060798,-3.29452587436194,168.478902520904,-16.6265927077278,152.224000759481,-4.3818240673876,53.8205100625489,-2.52701983434668,172.120709788692,-32.8386540282377
859.556198046878,122.798959097515,4.12881504091731,0.742096878666784,2.46400332531952,-0.302686386382651,21.3824098966536,-6.00958689477372,276.347606811361,-25.5949690947607,13.8937136523244,-3.07196088683435,98.9967664984963,-5.0744925902612,294.349698031019,-41.975181499346,111.553587494725,-22.4129984011772,241.141485293149,70.6586202927517,79.9636314750408,-5.61205401422368,165.319622841179,-14.1048546609557,154.071441226116,-6.9729344864838,63.0131751863431,-6.50961873411832,182.860918248449,-40.2185248969613
850.3430065332,132.797792033844,5.52800818947458,0.0104041595238139,0.873420075862953,4.59725639106654,20.6024565853826,-4.4161302634936,271.309414454776,-20.9619081757389,7.80499012274875,1.52624192414524,110.905255323743,-12.0828143002203,305.854785233437,-52.3110362632509,112.207230434227,-21.715345107153,244.052201772608,66.0330758854708,76.7048321189471,-1.89609599894244,174.029228032065,-19.657276847638,137.31194414947,2.29669222116629,53.1554733707348,1.36026632376846,186.536886156325,-40.9917707829176
854.790507383373,136.607851619686,2.01132286469529,0.91675108611169,0.226597481521841,3.24070494664755,22.5641957055122,-4.63831800174541,272.226922506064,-22.3407751314843,11.8245753021038,0.268196962779367,110.839412098742,-9.00993494903109,310.602156953268,-50.3383531554494,112.917194049597,-21.2429055343984,245.964349653657,68.8933473196795,70.413535995563,-3.57702860263595,187.811950955209,-30.7458717303974,152.735404639369,-1.16620458882598,54.7192237296699,-3.5078646893307,177.864118135852,-32.9300065623817
848.887361881681,129.787486798817,-2.2840554078197,5.91152563224431,5.39864431055182,-0.0702498750406042,18.1240358346903,0.506308217177814,277.511738028637,-26.4555743791833,7.86693909980612,6.60550515896267,95.3224002760017,-1.81461195927086,301.116880506564,-46.471150263919,105.634028881333,-15.8587069259864,224.679395823646,71.4134114584687,79.563620288701,-6.40499314259734,170.263308341455,-23.3236748975464,148.648733794273,1.4750720831231,51.0616824590319,-0.799093801499625,179.727553525938,-42.9866705449298
857.963073892035,136.960049371261,7.45055176439459,-0.293010704133149,7.21807134065165,-1.72140441188743,21.2429683267129,-4.57242833037513,281.09138564567,-30.7380866982985,9.53691555191868,-0.257384605443763,110.51948656439,-11.2725813962539,308.172833800918,-48.1171387287062,107.123018748359,-18.0686226861259,237.051524044526,77.8034007600989,76.6574832996594,-4.54874840669034,171.388683995587,-21.9246147546953,143.274869052703,-1.38671281046829,65.6639775667343,-11.6029718538932,177.721750709253,-33.7217432215743
869.300132677169,126.285083680743,-2.03017082661861,3.62889916583991,2.41269735102997,3.07287201507899,25.2110128699919,-4.20547218822286,277.684265681173,-23.4067799307799,15.9391963196101,-3.48624002170523,110.233358999042,-8.30373730779767,295.775497254996,-47.2241920213097,110.652569228045,-21.3994560507953,229.321417241563,76.4209409188306,86.4548318773396,-8.95234858906076,184.599470466725,-25.8859772804167,146.68276132961,0.980174949540336,64.0745604453192,-9.55581565042841,174.658874202349,-31.9292811266321
844.57091444984,144.498556733722,3.26566749687857,5.44371770242718,-1.33421741426232,4.63129868387507,29.0552871197428,-7.55241117398526,274.099549780641,-23.7968404555564,14.7983061395567,1.05697116252883,102.767006115906,-8.65012042905725,298.298791522477,-42.1578447045725,110.715931134394,-20.0425292582938,228.972920979012,69.5486847856475,82.7855219588521,-8.00262408125095,175.526941978298,-22.3919176541274,142.402732282294,-3.099671449525,52.4121010710424,-4.91769374798427,173.117043941074,-35.6715701532656
864.651138051606,125.112258913472,-2.53944224815203,5.49009067083107,2.17213260379711,1.48831797379847,23.3255553045605,-5.05972319087931,266.600360372342,-18.4165054278852,12.8907475239449,3.62637519414694,104.56122576001,-8.69992048905258,292.88127630547,-44.5475820130074,106.157349182849,-16.6658923439219,222.969666112311,76.5602146530828,71.5285576592535,-4.56827905530928,163.544150589657,-19.5441633650422,143.780397564254,-1.19145564006285,53.0760671844091,-3.39262680476354,187.428235138911,-41.7937303437228
860.129190254465,130.275815197377,4.90680005949944,0.946710346494879,5.30180387011458,1.04895684206305,24.155665791192,-5.71167405963687,278.969509712939,-30.0839672197047,8.51141208869445,0.0061385693670798,119.141676844263,-17.9912028869655,293.891962441318,-43.6896082029859,118.411870276826,-23.4506180289837,230.696874754263,76.6226581145881,77.0193517500317,-5.24571308344609,169.017317144033,-15.1105536537069,139.890156175975,2.36452996324806,52.1680593351204,0.302928252611622,182.829516510166,-34.6946984592049
864.056021485489,144.121778244965,0.744112000090346,0.767199362079282,4.33689011624484,0.22651080196093,17.0832702221915,-2.74058060649708,276.764950924074,-19.0576562175418,17.5103344842127,1.6508911650883,112.183928314989,-14.728923363448,302.38991317742,-46.8928580106721,112.281595964025,-23.9962684493415,240.024856957693,72.8371282703187,78.6745874604042,-3.14261499486165,187.312431745636,-25.4131307294652,145.581091192937,-5.47149535419935,64.4361564667516,-7.02756158768708,183.507520540213,-37.7990281673742
857.498179871369,136.092940809273,5.61650671274342,-0.264509450700771,10.889640093642,-2.97068463092071,22.2686550198598,-5.12189299680581,267.569767184664,-23.2411336478789,13.6841546619863,0.389195688819659,107.075902157415,-8.93181034316005,293.750188727313,-44.162100869908,104.140121924246,-15.5991821276074,231.777872102886,69.4379902648797,67.3824200702218,3.50691799653255,188.009019891692,-30.6395202902715,135.147940067761,1.73627473071716,43.5674852962687,3.83117354789772,184.062243979453,-40.0210993072406
853.338123079862,135.329202325897,0.295342602608875,3.55878016132986,9.03476951235114,-1.099747892172,22.7003753299251,-6.09108308367533,263.741072380458,-20.0242580324796,14.8897150284461,-0.156752776388556,92.3187057323937,-3.45696418505576,290.602335864734,-41.7906862687853,100.547913244766,-14.0630553343337,227.698128587701,68.6527682285801,72.1951846036763,-0.468359077374547,177.636855883118,-26.2064367643602,137.183733673141,5.49252876434415,61.3633086218852,-7.42967347171676,192.508586987552,-40.8515918431141
861.864553130406,134.029748351196,2.03001235461884,0.509928192450734,0.22006084553089,4.80281544012906,28.1461422555567,-7.58185901895326,275.610146910689,-21.69998862012,15.5619961107269,0.96395401593012,101.848294801067,-10.7101654331407,302.055010073867,-43.8549611000765,109.314258436626,-18.7343834707213,237.411723461598,72.9028115182536,73.2691152557532,-1.72743556139554,171.70089945643,-21.0668008989649,141.81429913886,1.35928159061835,54.2366529389505,-3.35069034528407,179.413624875606,-32.624011701533
865.326848697862,130.851914299557,1.32075743310857,4.99886308699812,5.84083526594659,-0.252385047466193,22.9610432495104,-5.44097030535995,271.476112623966,-20.9558302360568,14.2917357790323,-4.19636736931805,105.033514311116,-7.96717852123307,298.957068654279,-50.0163829510368,107.859109291741,-19.087775720125,227.926618863724,67.7084683705045,74.1668340000069,-5.23729309828755,180.503603920493,-26.4436259713951,143.677190135565,-0.709107318656914,61.7581533254378,-10.9183128693261,175.269072981337,-36.9073042201794
865.029608770135,133.657306786457,-1.78393782137609,3.20466115823918,6.67743023399034,-1.36656910891483,13.8685553603282,2.12389375051149,260.184489179838,-19.2416303883595,2.41627539936344,7.54063712607773,87.4805308643229,4.21492260873988,299.906875009552,-45.4681091678815,108.335356475118,-18.714190825209,225.163715788732,71.5071013267637,80.2926744309639,-4.65470724972257,183.78340704058,-28.4393773814017,136.429717492966,3.3965828343073,59.548979146893,-10.5883356276562,170.456957872061,-32.6749708671803
863.134379881622,135.388490918947,3.43220770087028,1.75557531789525,2.50178702523551,2.83405203562892,23.979215302489,-1.44574967558434,273.669530533853,-24.8056099368068,11.08513986166,0.647712608128075,104.435475524713,-7.24381917341267,294.78858095393,-47.766637026903,111.014592886247,-20.3992947168823,245.93319771928,66.9701526176157,81.0138103350728,-3.60463722231956,181.143817597848,-28.3004373965888,141.888306006964,0.795161306728481,56.9256830317191,-2.71895709491806,193.731152732725,-46.8984118758011
854.406496089181,136.017568568756,-1.25619409730566,6.42986101553833,7.25105926101511,-1.67406150870352,15.6926254240359,0.21508913647144,262.808614702513,-23.2884928251847,9.69157350489653,-0.805868376129141,107.584993286326,-7.9042145453115,282.063992648244,-37.9190858620608,112.012698399146,-21.7547896540303,231.043070675743,65.2562156174287,69.9400304736684,-1.1073788496233,173.28537829897,-19.6282569159796,136.250047429954,1.83614033467265,60.5822663008306,-11.1460419341636,182.104253269263,-39.1389670688727
853.255887952817,126.796486518338,2.57704027963122,0.607384827288518,-0.276202515027501,1.67101695994314,25.9146480706577,-5.18826069411912,267.840525679806,-20.7539186313005,9.73885123916299,0.274749245765802,98.3238705843453,-5.47031067523355,302.35048754506,-51.4272447745842,100.546018568949,-15.5039448248209,228.07986063642,69.9976032483181,71.8306297125065,-3.43790055697218,161.743628913761,-13.258616065375,132.076022203493,5.40387656506549,56.3468741065678,-5.0399721955884,182.439612675975,-33.9109384046068
858.734507702982,142.582719529195,11.7284376207768,-2.30176280763382,-0.127121030657318,2.27278114361575,26.4257261130558,-4.55357997334306,280.252245846808,-26.2981360823866,15.0488150726612,0.770275748924345,106.16777456118,-5.59642949145144,285.906718726988,-37.2959504880731,101.736907217969,-18.5925442685399,226.725473023777,76.3603635655835,71.8587796870753,-0.476878835669955,182.337238638993,-28.6935618042068,138.901767107277,1.36241131638516,53.9146263945348,2.3341473454011,164.560157620688,-28.2537557573165
850.454913200213,148.28584984791,8.59840128727657,-0.700352525840531,0.385462285113273,3.91501618368485,23.7231276950449,-4.82139331231367,270.434962925194,-22.3846600318428,18.1469238960345,-3.09787240154075,107.077179530877,-8.35446960393195,295.9703680093,-43.7757278448516,115.617125074487,-21.5990366321039,234.935256323345,65.180100268097,75.0909610497282,-1.23454507792687,176.11873162753,-27.4501293970778,142.580560761514,-5.76316990502248,47.9881484487124,-1.42982355864656,185.438457445816,-43.506903613758
854.398167459211,131.040692638853,6.89615232875117,0.0131804941335867,3.54764744676956,-0.988887113205007,21.7053814916892,-4.11665841825266,273.502469062506,-27.8506100014402,10.7114052045518,-3.55048963988832,105.709427147546,-7.07426180680975,295.247975836705,-51.3793083688766,110.955574827513,-21.3934836082924,218.414889694427,71.5658128444159,67.1601906089984,4.306228221895,176.932911883282,-23.2839794363932,138.275497821363,-1.19662260999488,61.7954074828265,-8.32744738313897,180.212132960951,-42.1108495490838
860.624389647774,133.496357231784,0.131540352028694,3.57146315232833,5.32633459828864,1.44032106482949,15.8024774607836,-2.79613456676146,269.932332451757,-23.0060329096614,9.70869872155695,3.74472123549714,107.83668611549,-6.98343790343329,295.715761902665,-42.3597852116485,103.416071999415,-18.4761483470461,219.105051248997,78.9156956235383,73.5317511935457,-1.36307639452631,180.145616056549,-19.7709550170304,137.080577875337,1.7887668163966,50.5919844465598,3.61707260362385,175.106896746795,-34.2311388724695
868.637184616155,128.685017961579,1.46907854919029,0.546921501634792,1.75706437418193,0.196292607427917,24.5227600155064,-4.99735555233028,281.388174736847,-28.4283586451035,14.7346275017578,-1.71198522807344,102.082186609788,-4.67908213706064,289.48216451389,-42.749349761714,114.30536074876,-19.8415127593276,234.030716039392,75.5359570731485,73.5227585242804,-0.170439915415768,168.129128397775,-16.4778108437053,142.448244864899,-2.17576284132872,56.1114278102454,-1.42094011785839,176.016443417168,-38.3332877425489
860.868473675825,132.614064676856,2.76359708263662,3.0448655441493,2.13976312000596,5.48330823288543,8.64220913174172,2.75074825725978,272.348557590923,-24.0527451379578,13.5708953396959,1.56351228301467,98.3720721170293,-5.85683012053168,287.181791143603,-39.3752501629443,111.821015484686,-22.7717362153928,215.382232463539,73.3496850054803,64.8253789353074,1.18333474600105,174.868065243945,-24.6617567850995,134.75952803142,4.23290729524835,52.1974252603184,-3.43350625138558,178.965818302806,-37.116969650023
855.684186695697,135.114641066227,-2.41737589729674,6.20639251278373,5.11214625335219,-1.43574438401336,20.6350981834466,-1.04423292554018,265.146150642628,-20.9753924711513,10.5926754892533,0.857315963104929,99.0786036509466,-6.97921025753267,294.489065763249,-44.7520119368568,109.4182061921,-19.6242278007764,230.799223392142,68.696117072709,76.3351583498672,-5.84301558385493,164.261304967434,-16.2719199757901,138.87753853206,1.88069303577269,55.743853202853,-0.727858889794808,175.935793564256,-38.1065558923529
855.094591665198,143.143432952659,2.58213668171375,4.75330883964032,-1.00060310790031,4.32629313768492,21.8282601304932,-4.73331271950289,262.27088979472,-16.3664140009447,8.96444688916017,1.16145662170045,104.618940578444,-6.80740668990237,299.460513087929,-44.627889016672,114.637593203526,-21.8524878579842,229.14714528496,74.5966385025905,73.9501404136104,-0.109526246381089,171.122022506726,-19.724227457681,139.271358902565,1.17290970892509,53.3777152527325,-1.60508317150581,176.906128280421,-32.4174768782525
847.943880998728,130.075854854803,8.06874274932185,1.99364837577089,-2.42199956129698,5.88331027218329,15.9214423748686,1.3130140027121,262.970426280182,-21.960212563322,16.6343063460407,-3.47506483645642,105.149906477026,-9.54101425377165,291.108897626231,-43.6963116324903,110.796592222377,-17.4094060599084,221.355154531226,71.6724125063553,68.0682220142687,-0.726961458937232,172.607467359849,-23.0399560992121,136.160809592043,5.00613723360028,59.3673369949503,-5.42960035091328,175.518338966815,-38.5746935114529
845.141666594702,129.186378207222,5.25360785891072,0.783006216443541,1.09908356642038,2.23349388757245,15.1381870618329,-1.13498745857944,270.373836580566,-30.13349079902,18.3301168896164,-3.22262084823026,90.1621259883367,0.424475552850267,283.320642633637,-38.7554219232442,110.203036954875,-21.8183116921376,230.649821319872,68.1370472347485,70.076771475572,-0.23144856299721,167.040768673107,-18.5616367373408,131.783952902651,5.22548151141717,52.5093145517326,-5.06549560189433,174.268480998429,-31.307981596903
866.611429144283,126.149434360261,4.22461647058173,3.38920031891587,-1.12320298251539,3.10451311409034,24.4539705630829,-4.01626629232116,257.504875282567,-13.9065086770951,15.4909495305568,-3.3122699169759,105.966006530059,-8.57031785266881,305.111443917949,-55.70296968387,94.187378353531,-11.4219407282219,227.023744165917,74.259631730072,73.4593697873776,-2.16563050256271,176.255326201571,-22.6975666703948,149.117662304565,-6.81637102807518,59.3050572840386,-7.51844671429739,187.381751689803,-38.8716220863508
863.186611765848,122.972752183676,1.13002961724144,5.02694279834453,2.54518097531808,-0.197510880158533,17.9077703425956,-3.69664723958128,261.421612927158,-21.2472885888591,7.94091412243251,3.7662379783969,100.821655277362,-6.11240188093086,282.984820272723,-45.0658330504579,105.790983122357,-15.6627798528575,232.574468428935,62.6657107998324,69.4866267228329,-3.08361961849494,172.222833078289,-25.8700259706536,128.999340589754,6.64017554971402,53.8652401706937,0.0231783723561544,175.731046914935,-35.5555497004192
843.327373455628,143.052895754714,2.69552493624342,2.07568185692861,7.66979887878161,-1.71702148538392,23.1964488335853,-0.736706426632803,260.067898804002,-25.9685400282127,13.2924256218716,-2.76694426715434,104.797224825947,-13.2642713238194,291.281466592723,-44.8432178416462,106.79045801237,-20.4922532807772,225.565424826285,68.8005847795824,72.8237256759701,-3.8283507416012,171.802382215055,-21.0026718114887,138.107080190991,2.34380728820452,52.5226014136062,-3.49349767008657,181.90804829628,-40.1665790785305
856.429661544048,136.829363786994,0.715367548872608,0.746167890059408,7.19018454304062,-1.48246432742486,30.6777999986966,-8.68593227824585,268.038786828891,-25.9582478031362,11.3368043578378,3.95603995190453,105.80031397618,-10.5415086737232,296.518464138207,-51.9967870681236,106.408525715038,-18.3626911819854,227.254632058403,73.8634769058099,81.1304813882967,-6.86447355236036,172.337116325421,-23.5329473328153,136.88843759033,0.450234613538026,61.1920169877804,-7.5114208964669,200.345629433923,-52.3800642183999
850.504436915827,136.076783512506,0.045477501715046,3.07553683502622,1.5574671521173,2.93694192080375,17.7249778297266,-4.9213441407215,263.953502390028,-18.0071302463747,15.3184908125463,-0.790069647201494,107.725584666422,-11.1542337593855,291.379168222951,-44.4214708313646,111.165134271119,-19.8611634079277,213.488858225975,75.0644045496038,71.3724865641517,-1.37480898481692,175.563678426025,-24.7185157268678,129.709692570302,5.89170281981858,62.087523572491,-6.75571459198856,172.677451806675,-30.0234743519516
861.735568391745,128.379712832697,-0.421862702811201,3.31798140954389,6.37104955792324,1.80854988960225,17.8916450584003,-1.52648653224,268.409548385984,-31.1789978551215,13.8036196329776,-2.83320023603718,98.5783958735507,-6.62347669055429,281.438814409227,-41.926936438678,109.005007792657,-17.791792043934,215.616039026778,70.3553657036,66.1169780098401,0.332999122902409,161.638131947429,-18.5789943029075,141.894934961575,-1.49881032702631,58.7727623803409,-4.27343062187835,179.911457170616,-44.4527616514405
860.55712061145,141.109206877626,0.0265088646744428,2.46824299404933,4.10479984272639,0.801613485763287,15.0221145330331,0.378086244449874,273.40376791372,-28.6130057491738,7.59480853082949,1.92342217891571,92.3787690878795,0.266391589140109,289.387949943069,-44.9967641411784,104.393674395577,-16.5436826235973,230.052012601386,67.210448138787,67.696630979933,-0.0263175050636049,175.929056243405,-27.8120769769999,145.139970720746,-5.64639697817468,49.7258084968531,-0.811447553939855,175.233841828634,-34.6864292169128
854.555585672709,145.795325568247,-0.0331190897754111,4.66949124768707,3.26562573964411,1.33520334497931,22.1894959604512,-3.30247839937625,262.946648914436,-16.0627719571122,14.2349808898747,-0.691213258918961,108.452277836823,-6.63878674004285,285.631027631104,-47.0126777571966,111.007040981358,-25.1691563952655,235.200988541509,64.247873127051,83.3207261885669,-7.34694014032213,173.434270233228,-21.5212757418149,148.184257175045,-6.04340091084393,53.0238064699428,-2.52062096085116,175.899885365342,-38.8929149626302
845.487801445246,146.020277724404,2.99265698639847,2.80872017179947,3.90609801939292,0.385743761407675,13.6343761270463,0.0715002156748935,263.284308105014,-29.1681421450342,10.2062128075695,1.3492152561589,111.492344989878,-14.1943670551263,284.868869956685,-39.9339011899339,109.298495336245,-21.6781224269074,207.036025100274,71.9837709241954,67.3591827833575,2.18419926508186,164.236332387431,-16.8737521318806,141.45127983161,-1.98649365733164,50.1240210219503,-2.29887326171817,173.337287522359,-30.1797520202364
864.946369868847,133.079082732008,-1.41718193258307,5.40110884051769,3.47827220362361,2.55864081774645,15.8255775775509,-3.48394211142177,265.553775047042,-23.3405148191654,12.9543688105597,-0.138913487883065,103.365029409575,-5.69850375906559,281.984537412298,-40.7357952293677,107.638371626848,-20.5555044273312,220.007938031245,67.0273088632772,67.9183079993525,1.93006452823792,175.389703639464,-25.5852599895996,133.748329417222,2.13691798558679,53.0842724440003,-2.3679032189348,172.178455919302,-31.4534574846326
860.0013256922,139.43062647448,7.36816723745645,-0.25751324330168,4.65926865760646,2.21440965431188,19.7284271619472,-3.50835176328703,261.970417909994,-19.6060853666102,9.7843757513231,-1.49729993045139,97.2670201421631,-8.39095987308605,284.326679242424,-42.9502925934367,107.986874230263,-20.1282992540699,224.906015388853,71.242423154382,81.8964137459001,-7.97190308765043,179.621265242068,-26.6322846079987,140.712981546114,5.82076959904218,44.3309325337861,0.880001022539555,185.170654367648,-41.6844081187688
870.48957157082,121.755495586788,2.20591793826612,0.0938010441279022,0.842026248144895,0.785752372489238,23.7622772073022,-7.35736100747385,257.525068455298,-22.0414714348897,11.5382728287775,-0.233031946550659,100.691098035534,-5.91283954396429,278.128529627042,-35.1173776166187,111.532548991941,-19.9684469395213,219.204309841729,65.63041340402,81.8865161548318,-9.58404588065644,167.754669794133,-21.9291988755557,135.228439226393,3.20778603159205,46.7698116785268,2.0109837544239,166.16821935901,-29.6393123298142
850.792923739807,141.884739899844,-0.617741935481155,3.73191709551088,-0.154262347786392,5.10382556844096,20.3813874723568,-2.5279450397379,256.68815874851,-22.09021901419,12.0353179067954,-0.814454590723292,100.74494588175,-4.79385461152664,283.863876558037,-38.0646191298144,90.4048454549821,-12.2826467911451,220.903188008117,68.6195979088929,72.7706246042874,-2.61565872041259,169.45679294986,-19.8511514645058,142.219902493081,-3.28722234375545,51.5624959700633,-2.07504894600528,174.424720521013,-33.2771932060543
873.002960731199,130.812154328313,0.961486707144901,2.85697491520495,3.52693409099032,0.991688052741915,28.0307427917366,-6.43388973359956,265.887475721394,-25.1063527507869,17.5601193272886,-3.7345763788952,101.021831799527,-9.13818381167112,281.124637589871,-43.0794306113997,111.419727060089,-21.3682951837466,227.299760287471,70.2306012064526,68.4046190768744,3.33482805718065,171.941589639685,-19.3776411062031,136.468603162086,3.30204584646439,46.9030995198677,1.25194803693323,172.100432417765,-34.0633766023352
852.510429778667,139.613613486042,3.05885632842826,3.55790786136979,1.02870754939079,2.95828095571418,14.1868938266425,0.164774262633934,263.463986398643,-23.7080473491272,18.1347269300822,-3.94631864397439,104.107793180372,-6.83839515712274,288.539667233502,-42.332752272263,109.14507326451,-17.702364050063,215.895482330858,65.3930498323083,68.2177455029718,-2.3564314439401,172.592286842102,-21.2098236676177,135.941157862278,3.4180957034622,58.7025851149912,-8.21140233504648,177.191695101906,-40.0832015498679
863.635851457813,133.159480574153,1.53893555207723,2.45619468126743,4.98065024125125,-0.476134567205665,15.0918528919957,-2.21809630304207,262.054624185582,-25.6120577275585,10.5055597803549,0.161093669212202,100.262194336485,-11.291866878005,279.429504945972,-40.504159497542,103.223936227827,-15.0227770706281,214.827857752866,72.8865408756332,73.1500842504863,-4.80107193004523,170.39641271966,-21.5945629678148,139.681535569704,-1.14504195306224,52.9391679907856,-3.62710780887405,173.515317825646,-31.8673038432714
861.316717416237,149.00912744532,3.08360413773769,1.32144150548428,0.407596156867402,3.69882693456272,26.2964309693033,-4.88456925433447,265.609296206684,-24.2078499814415,15.1715839413741,-0.398189416674017,97.691672386345,-2.3254468251089,297.542892083682,-46.6071929369701,105.116419187567,-19.7554838451054,230.280478463129,71.1045931727931,65.1643882138895,4.24654699083005,176.190599403497,-22.3739549889761,139.827450147606,1.398307499215,53.4742313397679,-3.45033790458765,175.0128190635,-32.5691712599439
870.460534334883,135.691684239128,2.62574977651764,0.861176535672807,1.90921772327138,1.79427144313449,19.755074030875,-3.25429906052872,261.830382594167,-21.9305097039972,18.0159598458605,-2.31256762344569,101.916937935552,-11.3551149691816,289.435458218171,-43.940306650571,114.109334414295,-21.6718217929804,209.212355146273,71.3849369477272,73.4476580101743,-1.67872298259846,171.51764607393,-23.2686141120582,145.658350331965,0.194060349390705,53.412298823857,-6.26476502336473,184.847887419204,-37.096148055219
869.20918934299,133.757912863488,6.52763494496509,1.33881404784706,2.20601265059667,0.360361946453681,11.299534658723,0.840612794508717,258.05557168773,-18.9767937985468,9.67694507451654,0.571632704680823,97.2587451626633,-6.91959922334861,282.862766649556,-41.522191081572,105.251812979573,-18.1800283875289,229.306437796438,59.1518177703846,75.5113862399671,-4.56805530777124,175.257609078533,-22.826797209797,134.284699554261,3.50437343907187,51.8889694503072,-1.5191385510358,175.943522758641,-36.5959114388345
863.780568679546,137.396243809705,6.43969235084274,0.772800724279054,-2.02888403975442,4.83660800515687,22.5791013279388,-6.987284340903,257.074553570278,-18.3448680294484,11.753505977306,-1.75906797601092,105.012005046722,-10.0456983788018,301.584719441956,-51.3448322642028,103.322877116314,-15.3738595793444,225.074775520416,67.782947466818,75.5024698229495,-1.40999876470524,169.78194294406,-21.3882357510115,133.907785739514,7.14415911647936,50.1814504828694,-2.8217445640247,178.057016005875,-34.1900085412777
872.650299270033,137.53300988019,2.15508276184892,0.129657720030649,4.03009805105019,-0.0457663549348556,16.3273253214989,1.68902008304666,262.723101698523,-18.9953038256096,14.0374071723991,0.410378039936126,102.543325300383,-11.1369106360702,293.624088757589,-48.77834063892,107.066301266609,-20.1025957721034,230.094079993009,65.9402964402434,73.4999154805781,-4.53716718845863,164.337492755769,-18.56756321811,131.04367941042,7.32915380924462,57.3169211615282,-9.07986796410568,173.307977871764,-29.1533982841447
848.888320781972,149.524597310574,4.55306277041935,0.227337229595074,9.35850319177045,-2.68362707925018,11.2983383306303,0.649610823250625,260.771893521341,-23.2668967938455,16.6607141759787,-2.67754406799678,96.4650071396913,-0.915576405656577,280.994136882071,-39.9552657300528,109.023415718239,-19.2488781553622,221.971473429467,65.0921276058158,74.760464364954,-4.10042455146441,169.025480942288,-17.2002885523114,140.919764874592,-5.66088645777328,52.9516603809339,-3.98792738050013,179.263392234063,-37.0599292856958
853.430665206644,145.583598333646,3.01352718726783,1.12293469386792,7.74148350110801,1.55803304161358,21.9873128956066,0.399262960673624,264.506629502082,-21.7576563823058,18.5745005435029,-0.628382667759984,97.692974288605,-3.30265988129237,286.06070551423,-42.6137038138989,109.12483908942,-23.1526854265388,222.213036671815,69.4871566551509,78.9477035821915,-4.61830147045915,179.392212565579,-25.1243898230261,144.751635763149,-4.13183619435325,61.9402106150161,-4.17415988451827,172.448428925415,-29.757331902482
879.720724118343,136.880015469966,5.37054485227446,4.54557818634086,1.61126555015862,2.37092688079663,19.4264654192483,-4.34592611582955,279.274744061905,-26.9007101826097,9.82493400671147,1.1760291761542,105.158197211017,-9.58312929604953,293.101799973384,-39.963491711941,106.692332826028,-21.5658033484596,220.523869270365,70.5342890577351,68.5385778786006,1.81979831678461,176.920678828548,-22.3178470207681,135.604365478869,3.67673415860756,59.0661600742024,-7.36302104251608,167.285844782656,-35.9823545862977
865.782900333701,135.243643594027,2.67939048663801,2.45228783477957,-0.672002764309772,2.3956005294033,22.2884725675352,-4.07960472977312,265.84979984637,-28.2056357342517,8.61544841522957,4.42371893166249,108.132053654257,-12.150576606523,292.628934428366,-43.2445432920415,111.275215618568,-23.031821397956,229.630987783725,64.3933616780082,71.8113988992874,0.256445957586362,174.721504849041,-22.8741102084557,140.402220398776,-0.722919391168405,61.3623913826629,-5.42433740443582,174.440273047286,-32.8288896151957
849.800801536905,150.640931704973,4.92298792113047,3.38905507471199,0.0402025740774589,2.82884061115237,18.1486506537322,-2.18337236498222,253.773082643162,-11.8999746817788,11.5343840661433,-1.44832286588988,108.217744778336,-8.99661152502024,290.416229629785,-42.6639731275927,111.293834360637,-20.5219089571902,229.830743771687,68.4129155127581,76.1840670302011,-4.41641566508238,181.084995244651,-26.1399937717035,141.688361704638,-0.0475780874537013,57.8080274662357,-4.63945333997781,169.744026708125,-30.75725435501
848.07955631628,157.989060612111,-2.01431043223575,6.09408090178373,3.64591577264396,1.88105479290594,20.5979233357024,-0.801704599096521,275.297242442334,-24.5901281476694,14.2938722346477,-1.72244502015927,112.518025251049,-11.0331594885922,298.691953048017,-47.7253841462722,103.470056841774,-14.9493896196917,232.871531105107,71.2670171197216,70.3588571567002,-0.402290767353819,176.802752860072,-25.5918906905082,138.60342214462,3.18420509590698,65.8736819273296,-13.1177884210728,178.199197912509,-31.7542792145982
854.816941948221,140.850394172472,3.09606294069027,3.64044162811864,0.623425924888711,2.64269415792234,14.5136125496259,-1.1192262364938,258.153652996278,-20.87864713688,12.1823619042554,0.887531168480057,107.120343732809,-10.8936002757681,284.053452069287,-42.1753739614126,108.586408653759,-19.254967121856,216.212205439118,76.1510965931513,73.6388557837924,-4.07717809551731,176.132669736024,-23.9567851863624,139.144426558932,2.8537423111679,60.7327181359441,-7.94856657192564,178.31774407769,-38.0011450980449
858.933233588109,136.820039558986,5.17436988904961,0.833045905381361,0.761684837227366,2.82200890207315,21.9692294969465,-3.39894503636461,267.579584975437,-23.2965295786784,17.0255974996876,-3.02276103695431,109.28736169683,-9.08804128645482,290.995711861845,-43.5007173658747,97.542370968649,-16.9429889601409,217.438159486939,74.4954694774394,77.321643637524,-6.20278107677991,173.745599676458,-20.5376516884679,136.886524357096,3.06607210366724,55.5195250543569,-2.22651716820177,181.866906597678,-38.5071784994221
868.437960898018,146.885728610606,6.5905695256215,-2.08033134092634,6.02582998009066,-1.22312633280078,21.1004801677747,-5.3850390440602,264.525001337885,-18.3549903852314,17.7995097164941,-3.69703833555474,99.4298661163345,-1.71020887362142,285.384294543595,-40.0094125898513,114.421116818846,-19.9580239219794,243.271705745452,69.7307797603642,76.1705474094206,-0.454673262402371,179.551426226294,-22.62664850757,150.836580915925,-3.6650529389252,53.4455815728653,3.08704741863793,191.607233994524,-46.4249606323099
861.331945227111,134.089720862978,4.96561059515162,-0.605299098261174,2.64315730551189,-0.0317374096345849,26.287954701207,-4.44870503252901,264.828467426577,-21.1922912919394,13.2752599660412,-3.49431994490371,108.292608951705,-10.5946867604882,291.351043681127,-43.431175930936,104.012995502986,-20.2909312537686,227.422759190994,65.088193618389,68.9723657923667,2.89542282448375,174.12570792781,-23.2253514031732,140.405241036202,1.58621958589974,48.8512324869938,2.4464288160681,177.725527352941,-36.4348439699215
862.685595578009,141.248867478913,5.54379866630275,3.0675929231091,2.79550370641295,0.561391903478609,20.5280520365564,-5.18824984254067,269.169159629715,-21.9064073507543,11.7840758688813,-1.24424103764163,109.277315637717,-8.01816384899557,294.41416155744,-43.0407887554154,99.7495098829754,-13.9556247045643,242.008825892334,65.7348377574141,76.4155807174307,-5.69871463209997,172.36269124711,-26.5085739639499,148.443811611515,-2.58937797387311,59.9376893202741,-4.57716003070895,178.563559259336,-33.9183210529066
885.220094882874,130.17856390262,-0.115019925690076,1.02528579131964,5.39816707668383,2.71190274516585,18.4451268678751,-3.97179235014614,271.858817257553,-27.83303411916,12.8391504570002,-0.151756997355042,112.014054233495,-9.71784737033989,295.72559040911,-46.7723178874647,98.0880199650624,-12.665197619202,224.030323862508,80.0399841316233,66.5237301889455,3.80632188322589,181.26973528802,-20.4216402266791,146.733224573072,-2.123964601331,52.5475439570781,-0.703563158458401,171.329311433298,-33.3048222253309
858.218619106332,132.274038095312,6.11263081258385,-0.533136379809581,7.08518461674799,-1.2370820820274,14.9672554633334,-3.87930184280037,267.516875863442,-25.9557398452521,14.0649637535677,-0.312212029574474,101.758680061677,-5.67843246141731,295.598099158066,-44.0683826446202,101.584995207359,-14.7363773500135,227.753725564126,67.0340810039565,69.996840110565,-0.153107472201179,176.163818782658,-25.7370730857923,135.893878313401,0.620956268200656,56.8852063039921,-3.92055052476604,177.25379855986,-37.2541264945095
857.520222649136,139.685100895938,1.38574784252001,3.18425629531343,10.26228104232,-2.67778068449997,17.6796488944679,-0.839212940888582,270.138835582618,-24.7926796934079,18.5364481825087,-2.68729766055562,115.598069432735,-15.3820806129296,300.038747296015,-47.464722305662,111.323132806564,-23.4299160987988,220.466948420464,76.5709764045211,66.6118993538198,0.719823912473739,176.874752736706,-23.8082321460998,145.507489221117,-1.12272770241903,55.7354783515424,-3.7801231855139,189.860113138752,-41.1522349293019
862.423012096673,138.855560048795,1.17169824274485,1.03206329767611,7.72637258187112,-0.124561814921803,19.0699022511467,-3.09517151412757,283.331051253263,-27.430338100112,12.7048342318253,0.34671638684514,105.827089695828,-9.19383059279171,298.38926261033,-47.0357284477346,105.795136653155,-16.6783204293306,239.355733974157,65.3468252073787,72.7415256387831,-1.04239731335876,184.255956371858,-29.4248732567941,156.583969171919,-6.27694128500801,52.9459176199762,-0.851708521067675,179.631852404746,-40.7129846030446
861.725720646382,125.810634209524,12.1455418563532,-1.90396620127904,0.435603136539436,3.86112030569602,26.0759866178208,-7.36052438171503,267.491791131262,-26.8570638627195,14.0003529152886,-0.308109102259011,112.276077700555,-16.16959493037,291.734084601383,-43.7668908243009,104.14353826655,-18.1363333875494,224.449150217048,66.6241062356459,69.8020364855517,-1.38126341634793,179.363607088908,-26.9564366739291,152.556781084689,-10.917034852417,54.8701140872243,-4.54810596662812,174.650416333244,-38.3846071655335
862.02036912944,132.74186116904,-1.02479969625417,3.05443774932523,7.96983879880249,-1.58620559850908,16.0742004231332,-3.38967500591169,261.260895465885,-18.2315532134787,14.0788103528673,-0.330733143781322,100.253851861889,-1.61444430957296,295.474562442361,-45.5666232695799,108.385740101844,-18.0182007240762,242.785703180025,61.1087949214516,71.1484736980618,-2.72300799457407,177.97927081022,-26.4839975275715,138.406576640671,1.01469006210734,54.8632925724214,-4.93684531367324,173.062968533468,-36.0132389429594
864.614585183326,132.479412907818,3.24146207171976,0.782291681739403,1.26830828847064,2.51984078015012,20.4339879501669,-4.77849702269802,254.919538499645,-17.2139508016284,18.2997270864036,-1.86333385694632,96.2466369945176,-4.99735557119778,294.191299888188,-41.5600981097136,115.270293343857,-22.6331269727192,235.661052971058,70.3927064098753,83.6219159002532,-6.5964260566128,181.05897971981,-26.8783228503399,142.185368051466,-2.49311972818398,47.7278455352436,4.56752458439011,181.002383943556,-35.0197999802787
