366.859080780746,68.7950350926692,467.519414944198,4.78347400176838,747.492183895673,13.4949269154349,1401.64249840231,4.44150737531428,917.076160414054,48.9255412433185,1307.87192357554,48.2343491952107,2175.58213288265,-221.247641299684,1619.31250647464,-113.803943284909,1030.79422901396,-93.8701295797917,1286.48814334764,583.234871609375,243.064025848973,-31.9059224335693,1382.9668553558,-77.9645111708227,275.944231603237,36.5045023850606,808.165973301524,-34.8951294186976,690.071231797373,12.9312447709885
360.30109877973,69.8498451278794,462.607800401059,5.41930554635143,735.858545837429,14.9978469393952,1376.82288419827,7.17142282791346,896.466269081511,50.9796217356912,1284.65279259024,50.6795495565228,2133.62379526798,-213.705628169684,1591.55155772897,-109.799275508072,1003.57504267643,-88.5466463848455,1209.0977962218,573.339322962225,232.079294032772,-29.805196068888,1314.1037602368,-67.27767756385,264.324710678899,37.7294918449165,764.185409925483,-28.3494327140835,665.525090122074,16.5887588725534
358.603663376204,69.4016077824934,457.510291958366,5.98300108406059,728.859105557852,17.4730925017891,1361.44750991795,8.65997224188981,893.559717273615,51.632976393469,1273.24331015814,52.6091301887162,2129.69913833329,-212.998577364696,1584.53168172779,-108.517846724278,1000.43613359123,-89.2336652077002,1220.43530397967,575.199454166229,233.247434613153,-30.1197905869038,1329.2838386204,-69.4149712145545,264.879951071416,38.0378515692906,776.803032696208,-30.7376346211599,672.995193752846,16.2655127795667
361.36261954428,69.4776453594573,461.37750937767,5.08072544711091,734.431314537493,16.4479769579347,1377.48916959592,7.26629483936074,907.328606890615,50.5226136228288,1288.41734301902,51.431616347253,2151.61104109475,-216.207449218872,1601.97634945651,-111.704421529533,1014.32755861402,-89.5522306811571,1254.35934697904,582.899990520664,239.33965888979,-31.3299254933719,1362.65790356203,-73.8584842434598,270.658332977933,37.3387724783004,796.021160633785,-32.5907119593411,682.566577176096,15.2693452730456
366.363954252656,69.0288752463649,467.565660776622,3.99472563085079,743.308777932847,15.6637569441145,1404.3446335247,2.55164210461779,919.741653046962,49.5951673617068,1306.88800254303,48.6684138899448,2176.74064206979,-218.394777039196,1624.14748232492,-115.521358924657,1035.60127195847,-94.4106676971251,1283.39398277681,594.083196128819,244.840425682315,-32.5060640162592,1393.3096389725,-79.7899939473057,275.571370527646,36.9507068031482,805.983685767314,-35.4265772430498,682.858145957923,13.5327328885042
354.603642054111,70.7339451499384,457.645370420247,5.32062490911348,724.868892727179,16.594548582931,1354.56674726437,9.31416159650979,886.158342334563,52.5133047843876,1265.15118763758,54.2720194763765,2108.81891124838,-205.781619352731,1575.87442433989,-107.45898925049,990.485019222612,-86.0793524334269,1194.38506290712,574.711968012017,230.43180399184,-29.2695652393774,1313.25246305238,-66.7780766549104,262.761671118759,37.4807681454721,765.440017964899,-28.7699523500528,666.170965059529,17.2148797282832
354.332385132643,69.7507874990563,454.878274148753,5.55530197942527,728.175506872134,15.1674608243473,1359.65536272166,8.12750420801445,893.537618260116,52.924126172532,1269.11074633606,55.1919058293616,2126.9594689605,-213.59626969954,1580.7869639438,-106.772424736833,998.392248559799,-86.3059270266277,1221.12892281881,580.156822560264,234.652128150213,-30.399715652214,1338.56125128327,-70.6234173425865,264.872109405149,37.9103588522325,779.975977474199,-30.4404886739652,674.524935637423,16.6838700078199
360.273414461041,68.9307116067387,462.116591609934,4.99891845787264,733.237678957156,16.1853723335837,1383.28818684188,3.80640093876805,908.97531782614,50.2352711239361,1286.89975401678,53.8887772013715,2146.16607395833,-210.922431041959,1602.97326994104,-110.932873835031,1018.78765176023,-90.9920443024285,1259.72625216763,584.193512198579,240.291364462867,-31.2475108275007,1370.39689031574,-74.5754314073968,271.070314050244,37.527519508604,800.879205161082,-34.0326904831998,686.889252277554,14.1270192859454
363.846015537064,71.5262958198788,467.38363923223,5.30496051649707,746.293285209447,14.5711584727717,1404.04772744336,2.42678579068321,919.934281586577,49.1653931411501,1302.58839227079,50.0617143410988,2174.32826714495,-222.158317126187,1616.28990564227,-113.225668400898,1032.40044453882,-95.3572468100697,1243.89169567456,578.242390441645,237.199231889829,-31.278238213888,1345.44452447208,-71.6082513220434,267.625290061168,37.1469507458591,776.011393361152,-30.2582177154226,670.992605349958,16.0815816484194
353.941512855475,70.0423591862912,452.835361331938,6.41991011809891,726.160253015442,16.7662105982662,1353.09962839895,8.87840199505045,887.931697846766,52.371404756339,1263.82354899841,55.3244102839352,2110.57242045931,-206.562668275809,1575.19071207073,-105.993360257926,987.887377844599,-83.4723701630366,1195.48635707874,573.190699327581,231.358460114779,-29.7330589493687,1315.96710539952,-66.5394192075929,261.466913724438,37.7995485689597,765.578345892574,-28.2502684698814,668.113728178659,17.1280876362597
355.976620152316,69.5701808328748,454.109049815355,7.53835504094426,728.902714504972,16.9293415319018,1360.13427111506,9.36633932464804,895.959410433206,52.1091729199147,1273.51011198024,53.8015503349997,2128.66166335178,-206.709818710143,1586.16705480685,-107.613438611178,1005.10172270512,-88.7653634125555,1226.02653857911,578.788106862621,235.977889994302,-30.8594163848079,1346.84640980741,-71.9665319875604,265.303950039525,38.2025044144546,785.530688215229,-31.1936252166246,680.949853348219,14.8936375334305
361.59955080669,68.8890702924503,462.044656613248,4.98392741961139,742.154357645256,15.0569512958886,1385.87287642698,5.46278392576471,910.355060009563,50.5160364364749,1296.18374902087,50.4529471686084,2156.62012653602,-213.712117831089,1609.66774218041,-112.252066226021,1022.63574202678,-91.1670507223584,1259.78945300624,586.955571914791,242.555598665235,-32.3655487358596,1381.70930034488,-77.6188788888162,272.444823236191,36.8070882813842,803.200496745297,-33.91319942574,691.104026304147,13.9748383169816
365.128371688508,70.0017725299806,465.571826454881,6.06084168225225,745.455378526973,13.3550462727012,1398.60266806847,2.25369894071034,906.204700782032,50.0565465414142,1290.10222795249,51.6834272574289,2144.10392546524,-211.459699533046,1602.07409523094,-111.777891498631,1015.19101611839,-89.8019373177199,1211.57812048912,575.185594958652,234.933145007617,-30.7857991068302,1333.38377476716,-70.495581590494,264.770394135091,37.6732022155633,770.842008894222,-28.9250143067409,674.604876941595,15.1301335682237
356.516098506488,70.1438615186517,454.709920339931,7.45910373755392,731.776542333981,17.5586385433184,1364.31315225042,8.93810264951096,894.922017752413,52.0326063126684,1274.59997118187,52.8599997133283,2129.34751128968,-210.462580685893,1586.28496277945,-107.558713977651,998.5991994781,-88.0076994079541,1203.47802321568,579.290465168913,233.768033484876,-30.5595364638117,1331.61477853387,-69.4125371632472,262.332253715883,38.0061956306204,774.769877585113,-29.9960711541753,677.073794933209,15.4347767216123
360.922518425167,68.8990231455621,460.813032915856,3.97731135164778,740.873425835019,13.7558308074862,1381.81568425797,4.76072519789699,904.280777943285,51.1195555880165,1292.2154828587,49.7658823775741,2149.74704878079,-211.743603746559,1601.90013132944,-110.809059569806,1014.7182098735,-89.8926406613271,1234.60297939364,586.44630322748,239.720107828878,-31.740090575868,1365.08073590268,-75.0222734214159,268.314414158431,37.4383741514865,795.886679036911,-33.6250589768761,689.057706407007,13.6057865429841
366.507055123791,70.0589964498819,468.1111414168,3.75727890382366,752.365921531509,11.3604702614946,1399.37095814218,5.83792132333204,917.122841810152,50.0443066817252,1307.09204700663,49.4337883618612,2175.9021390981,-220.15489667415,1625.33745362831,-114.816895149937,1034.8028982686,-93.3055404831088,1272.53141435991,590.916676261409,244.5840319127,-32.4818593272334,1396.43284216717,-80.6824543962653,274.160823220737,37.1418431375188,814.175019499514,-36.3642852695228,699.411288277809,11.3571162126785
359.536498622203,70.1379262915149,458.630596190663,4.86236664657859,740.847991622553,13.7234058533083,1372.34589486041,9.0565320465467,897.174299855092,51.3751726105389,1285.26708341097,49.9905872417819,2135.09570980068,-210.861814697847,1595.06390420075,-109.961172669326,1002.20260227744,-86.6533560271646,1200.25219789341,574.216804747326,233.111947118018,-30.2457990358549,1326.6441301347,-69.1786724541558,262.779177532534,37.8068849767554,771.389304948422,-29.5144214418931,676.395900383014,15.2223841185966
358.73017127757,69.0564067144295,458.370274074711,6.09786309424209,740.142142232363,13.9561376416906,1371.8165969677,10.3058442230515,899.478022098979,51.4121384046495,1284.73422463943,54.7733984771593,2137.11087317792,-210.608923763922,1597.37445492848,-109.987917403506,1007.32189955508,-88.295549371194,1224.57399212335,576.374295012609,235.876827751983,-30.4650654586611,1353.30824364165,-73.788396727267,265.309159695008,37.8397900203038,788.352476747275,-32.3773695740231,685.678759635265,14.1329131599476
363.637631500269,68.8705555382396,464.910647771093,4.94981478713758,747.486555226383,14.4808084573552,1395.707454951,6.76570289981598,912.719936295225,50.9285390670976,1304.86394422046,50.4319074257526,2170.58558942846,-218.248400968896,1619.21088179624,-113.194610404513,1028.97289537648,-92.7077044192304,1262.03472786696,586.438243024934,242.54130853556,-32.2155892545304,1388.7831601825,-79.5914546570604,271.666251480622,37.3090925956932,810.545376175928,-36.1407760643337,696.946715039941,12.6465398166377
365.812628119129,71.7103352232856,472.821230600917,2.9134084098149,762.012787961469,10.2996162247967,1422.48272631047,1.00834230367373,925.857571636716,49.054389965422,1325.43349011369,48.7166030812828,2205.20813884552,-227.24544193876,1644.80412318123,-117.931769026184,1048.90147269388,-95.6332089743692,1294.21034150527,595.011278513636,246.597678032413,-33.1453253445235,1406.20829644977,-82.5783362496928,274.775124917517,37.2863009408642,807.234128580803,-34.8806468953359,692.230300604105,12.3302395856293
358.643830322149,70.6161420746354,459.661659512602,5.50435687930078,740.388921231072,15.1776672576647,1378.89845129002,7.38579353424227,896.954977940174,51.9479413300017,1291.75805282033,49.7359365671138,2138.74942734444,-212.231338569785,1602.5011590465,-111.505863957168,1005.71017070079,-87.798690004623,1204.61999614244,580.401566039357,234.932963146532,-30.8451874112714,1342.77043356718,-71.8880235931681,263.97041774938,37.9896618291283,781.355710037285,-31.3837280642856,682.173005492736,14.4109347353135
360.983518256306,69.7809148216837,461.538612662612,4.80215735915881,743.837043128955,14.5486754942705,1385.11203409764,8.59571420272552,905.053585266315,50.9915930219386,1298.77699950551,50.1937169941919,2154.39193065582,-214.187635425688,1611.33333448327,-112.455461392296,1018.85069444644,-91.7862961987815,1230.40450379711,586.448107168484,238.242412287607,-31.0997979541044,1367.69640408225,-75.4833538437117,267.399627171142,37.744005982407,796.980988807373,-33.5620649972399,690.802398219116,14.006931603148
366.11304376842,69.2711814437629,466.482141130354,5.70184086008679,754.423304646099,13.3597244762449,1407.50492046955,6.47002994176961,919.479060275098,50.0191717522149,1315.58628271928,49.2322249484566,2185.4965962166,-222.681611073082,1633.75268405524,-116.431691195286,1034.86206567902,-93.2462004803475,1270.45078066303,591.741390863478,243.801091006992,-32.2696688061608,1400.71096772286,-81.5121335788451,273.479377408376,37.3999016755758,817.300850268138,-36.7057157137999,701.904129727874,11.2964865247727
371.680315602642,69.1237636449613,471.654976138758,4.66623605239734,766.051545094436,11.8179701960903,1435.35054844942,-1.81090278624061,931.305478820694,48.9067899091532,1337.06749496122,44.9111382099954,2211.67892779358,-228.190206142592,1653.33806636312,-120.310457741292,1051.53729472901,-96.81192654073,1273.18914416358,592.960504882887,242.764989255279,-32.0577707550844,1387.8035108634,-80.4127416326756,271.088162053449,37.821142032891,796.490844583699,-33.7630096675576,689.925535547289,11.8234813291278
359.176706938881,71.3513166400662,459.511826454442,7.16216392728487,743.742343630615,14.7079549094296,1388.07590938686,4.61048565073821,901.4049883847,52.4843634739181,1296.3552845781,52.8449711117685,2154.81708000899,-217.600276540313,1613.42483679382,-112.923501738682,1013.40918776993,-89.8058401230986,1220.54413005273,579.292504418426,235.648907285828,-30.7587400384977,1351.91022981865,-72.2372861996227,265.098097267925,37.9332984544132,786.393343583051,-31.6097789061776,684.41327737698,14.6310889764339
359.234105777003,71.0670090399555,465.338116905739,4.92399554305619,747.088489710452,14.7498362071297,1395.71140015643,6.48145971457979,908.475338960569,53.0175188377291,1306.97649766934,49.4163024938274,2169.7141957752,-219.88011823172,1622.71782125479,-114.766558488385,1023.2647734146,-90.6447435851846,1242.56909945194,590.251931363073,240.385118955341,-31.7907392558106,1376.9976543265,-76.7053874064596,269.324066987648,37.4976782081302,803.014616826472,-33.9711595557181,694.247896815948,12.8801750380925
368.721548411982,68.1793822372864,468.657056220284,4.85187344846237,758.032887881976,12.3827717222447,1417.48598633758,2.8872719657478,922.54771887877,50.4545827430844,1324.43426175423,48.6168690214719,2191.8453911348,-223.702571061948,1643.79867959896,-117.996431422378,1041.06042267631,-95.0664452620675,1286.8146415694,593.26514760137,245.67811837315,-32.6961539884188,1408.60802235829,-82.2033268743598,274.691083081922,37.2359191597706,822.658497976229,-37.8513843982834,704.304535381735,11.0855408906691
373.985210700969,67.9482489786366,474.780201461124,3.73308155335219,763.078402942733,12.7003495438854,1436.87120176853,-0.787245288179773,921.809393833513,51.1499261999895,1324.22826541329,47.46392827236,2186.50163379762,-219.74830320457,1642.40139437284,-119.093756520242,1035.49491042883,-91.5792367015014,1237.32582117065,586.998248643657,239.017071475003,-31.2245780747344,1370.74516319117,-76.8015922331085,268.356516321699,37.8097311367648,792.607236650109,-33.1941835639452,688.759450554529,12.6151558513542
363.718558103597,69.7542909396098,463.491642700986,6.04488012333372,748.908566377234,13.0465502029118,1394.5635034264,6.75287327338574,906.291577108438,53.3217844627403,1309.04587290322,47.4898220412109,2159.73280447947,-216.151542316875,1622.8564022986,-114.860693070673,1018.21122288532,-89.6176778238787,1229.14983482578,585.732731950123,237.370162616017,-30.8592654693766,1363.12357721991,-74.4374446728772,265.757579807338,38.4036735427682,793.712262783365,-32.8638538026166,688.227689977362,13.7268581372284
366.724669724814,69.813679469095,467.830810681918,6.49929998779869,751.954732381072,14.3093263729257,1403.10957021084,6.59893667692235,915.343267178616,52.1427609599191,1320.09338760435,48.8705755311049,2180.46671866473,-220.171253751066,1636.36983507192,-117.722183855573,1031.77591416275,-93.2479181936384,1262.43137978385,591.127552493184,242.247174611161,-31.9267282148412,1391.73684384383,-79.5393743146978,271.3211391683,37.5181499662917,811.916810131343,-35.4137115042733,698.526778117139,11.817096755848
370.670981735059,70.0447005541954,471.531340393673,7.48413025991726,761.110406284101,12.1750204167841,1430.65511587461,-1.12868964763997,928.550750892227,50.2256763718178,1337.07857041904,45.9590566343551,2205.43389040318,-224.446637285784,1655.62391835187,-120.213311591834,1051.59413857836,-97.034699030937,1294.58545277422,598.960673330863,246.928880352994,-32.9632838909466,1420.73026259428,-84.1485467348034,276.949091294429,37.0873702011863,829.755775189618,-38.3178809533683,709.92158512864,9.81343019892451
367.933466550654,69.167375814521,469.305061143482,4.92086778425193,751.515710670634,12.2858900336671,1402.70584458583,4.58588567888167,909.112400524623,52.0520409412952,1313.39811610433,48.6682263825317,2165.14618395995,-216.49193011546,1628.54183333674,-116.186511454765,1019.98015946842,-90.7428217214906,1220.36308693704,585.717841256932,236.373587323542,-30.5883220412081,1355.94061410981,-72.9839779948108,265.257032057537,38.0769804474175,787.922409748481,-32.0647905837673,685.898629686574,13.3874822472773
364.53729771661,69.6816888192299,466.091119431541,6.24690479408732,747.345919177508,14.2568241663083,1396.67925750808,7.10105618481822,906.454260450958,53.1428537466935,1310.83836693418,49.6338367495777,2160.9929958988,-215.967006186805,1626.05866158562,-115.047801234524,1019.70378846526,-91.916211041284,1231.54009503171,587.162835356615,238.373685589188,-31.430214619453,1369.62262666101,-75.0938851550643,266.802232189939,38.0754438954471,799.337012015507,-33.7495068812491,693.037793416064,12.3903433937693
366.817973095295,71.5680191681568,468.066694041515,7.62413315140431,755.152156842882,13.9229211274963,1414.66502809507,4.79717398043928,919.981889443803,51.2423967175932,1326.29143556719,47.4146591495018,2188.08138773272,-221.815763562275,1644.28279175637,-118.611100052702,1036.91981613319,-95.5286621530225,1268.37159182038,594.527468134618,243.743061425457,-32.3873513352449,1399.2813552555,-79.445534728393,272.279982589216,37.7224143449862,818.579189641536,-36.9306939784498,701.236855650791,11.767134751442
371.780704765488,71.400865396442,473.316755832749,6.87263351913274,764.870585016409,11.7657813955717,1441.27044162807,-3.16710579294091,930.304533202814,50.8255693729025,1343.94579902373,46.0307781129289,2208.31290639314,-225.053959818988,1666.27187131303,-123.501111863562,1053.98597701105,-98.7058003735878,1300.97648980129,600.80948273282,248.74565295922,-33.5203374056554,1428.0603140159,-84.4310875549752,277.657601207159,37.3411834721797,830.175768509094,-38.3914639026761,704.88691091317,11.0215240527699
365.071509148726,69.956606473495,464.284475644987,6.88394058563274,745.663851513993,16.103425136778,1389.28145353028,9.93780375779102,901.901492138974,53.6897876097175,1306.11065878662,51.6134579148299,2149.8887676022,-213.361549872082,1619.7236864097,-113.821331302112,1013.0718165815,-90.6080246306689,1212.90762903413,584.632732024378,235.483154511466,-30.6156477800758,1352.19317330857,-72.1975732626692,263.070163621315,38.4675290353005,788.002000757778,-31.6960866956221,686.136422844244,14.2314345181253
362.675124727898,71.0506094936443,463.573286065116,7.06476906297057,744.103083790019,16.270492795465,1391.39437538895,8.64739526246531,906.703841447615,53.5505547749742,1310.92203015054,48.3144956790404,2161.13995348923,-214.232471375959,1624.65575181541,-114.868245301318,1023.11339590489,-92.4939921503843,1235.15437743805,590.308792041617,238.260793216351,-31.0855710353923,1371.13092621283,-75.4318728666865,266.362161650788,38.4194402098441,800.297710516716,-33.1710196637361,693.714480969397,13.3906781890327
369.42124311825,69.2191397152312,469.327475112162,5.04589438449451,753.557462154105,13.239631247628,1411.95131053207,6.45609261960053,919.933818151515,51.5287628088773,1323.92343093451,49.4192429607045,2181.49759509944,-217.988841506382,1644.60063557661,-119.052538540526,1041.73110045262,-96.6142278753271,1270.14150656596,594.880876155522,243.348355037533,-31.8812414819267,1400.8949358656,-79.9188288236671,272.171499750665,37.4703634283256,819.04511265724,-36.7866914727439,704.083519849161,11.3210907073957
374.450288155981,69.491786478307,474.435125278693,5.73932499451155,766.121919126334,12.5563585903652,1433.28991614024,0.925764574119872,931.123278565188,51.1192908318625,1343.97588023293,47.3072456241714,2215.26091312293,-227.01043990469,1663.28682851055,-122.151743269597,1053.75096694895,-97.5696095740198,1283.14928201861,600.519376790445,243.930254031385,-32.521101677326,1398.29085728726,-80.1608358903911,270.628461521771,38.103745675871,802.792936649462,-33.8944462536855,693.241398833191,12.9512325425325
361.317565738392,71.867176506691,463.359889902876,6.05839785113604,740.391409385431,16.827230063176,1383.40598708666,9.91961679055325,901.421264027966,53.5193083681846,1304.96276882014,50.845900275075,2150.39220353966,-213.226344820972,1617.74212754678,-114.08455045268,1011.52984126311,-89.930340983033,1211.29880198307,586.707720073024,234.588779939012,-30.227827542274,1351.33048880531,-72.0161575261027,263.063145446446,38.5122776296532,787.428357515353,-31.3233033003496,686.082341981378,14.9197663561733
363.608081270896,71.2228176468665,465.538000871699,6.56180730563953,743.330174758663,15.1804777149572,1392.98428874614,7.88341548023873,909.464329881043,52.7702892138234,1309.67111428943,50.0340089983478,2157.16780986892,-212.156262613305,1624.5756057704,-115.081444625197,1021.1503701634,-91.0958413079287,1234.72598449207,591.420158486205,238.164305812086,-30.8849596777271,1373.71632648653,-76.3812241450947,266.284625133307,38.3959615587479,801.191348004514,-33.1319006309327,695.831628701784,13.0339505512631
368.400371043116,70.0833532931914,470.654317887869,6.15918174687419,753.110463372398,14.7134174213662,1414.98504926835,3.50828470609664,921.141561518505,51.9988241363286,1323.92630066598,47.1560105260128,2183.96285613218,-219.298833143856,1644.92412564495,-119.264528056932,1037.0594257974,-94.1217536239711,1269.04712756334,595.608466966531,243.661764040634,-32.0423908516099,1400.76599222422,-79.6515938008857,270.684242892609,38.4069233616013,819.847680205478,-36.6537424107138,704.637020081101,11.8976619014547
373.587082154834,70.8170863718589,473.966103930938,5.42222350797226,757.722813845338,14.6165941990023,1423.21872196428,4.53154987785972,917.423269627021,51.7652792154286,1316.61214969032,49.832778907699,2174.32610909055,-217.506787079612,1636.74990724951,-117.418367579833,1027.51154665925,-91.4508736592311,1217.80327943124,592.280640526775,237.037227274862,-30.8875535509717,1356.93997857278,-72.7350062755573,264.770898868441,38.4544087536464,788.40596099713,-31.9845425280692,690.064846356003,12.7305359736259
364.623951597711,69.6596348195753,464.548084859869,5.75012927121003,741.412713136108,16.7562971758567,1391.61534192395,7.06958716380234,904.848841899536,53.5455088662327,1301.47360097602,51.7500620896367,2152.38370446787,-212.463979066212,1619.06934670088,-113.904099092893,1013.18965922211,-89.2715444845995,1212.28570091548,589.371357302438,234.970656149948,-30.2013319524352,1351.1464861861,-70.6570921174846,262.295560635648,38.7752958286988,790.037904047691,-31.6936693009368,689.330138200287,13.8512698218519
364.816858127577,71.8483059697073,467.56335301317,6.58400434848326,745.314309565245,15.2835318947247,1404.24693650792,5.07818896020918,912.560722594374,53.5983354898847,1309.74849206489,53.770969949851,2171.62573533331,-217.866701121724,1630.82873195483,-115.839501207703,1023.11365543482,-90.0286393389918,1247.90752060838,595.525434419595,240.141156703964,-31.1833952855339,1381.4048663937,-75.9435004029299,266.972468746241,38.6331398852294,809.011451907318,-34.9885949136529,698.180437655587,13.2803457814881
369.625344178573,71.4175611262464,473.438790068497,5.7889631750467,757.777221035293,14.0039675367081,1419.65532818481,2.54441968354491,925.820466642491,51.5409584970968,1330.20988409707,46.9086664400928,2187.41514064451,-215.576394609313,1652.41856513153,-120.993284312501,1043.44257784134,-94.4839101879407,1276.05986762543,603.995318347618,244.236828433057,-31.742987649858,1409.22192146163,-81.0994540237755,272.212743522485,38.4431622434665,825.778729132544,-37.2375649354398,710.659543303547,10.0728634551548
366.71465318432,69.6555868274274,467.64987658255,5.81923546173136,746.355470626624,15.5440104337411,1393.18406187574,8.92651872863766,905.49793814953,52.6961010493496,1308.30737703099,50.6143600494145,2151.06438803139,-212.88269814952,1621.20012843623,-114.263230863732,1013.5083947479,-88.8693425803314,1202.28253506478,587.799943366152,233.871533566213,-30.0793173970381,1342.95581388018,-69.9386174593797,260.390879480201,39.2726121754582,782.537900599436,-30.7304214845952,686.6359652902,13.204696538
362.508334443806,70.6131888510072,462.687711330167,6.8741686001151,743.223594128035,15.3514721277135,1381.92380491146,10.8984336187366,903.567083073066,54.4664790991196,1302.52026840736,51.9877278425295,2147.98410490387,-210.473881492858,1619.8747560531,-114.787470952599,1010.42520008883,-88.1928797620323,1215.09835060844,594.167300242888,235.623978636529,-29.9685452421722,1358.62218270759,-72.097275275924,262.423483728812,39.4111888432604,796.387634915641,-33.0178571080909,693.494163449691,13.1673174976992
365.120943818937,72.3921344413195,468.902276161117,6.35552881613326,749.434308461626,15.9254512631159,1408.7516258131,3.68128808238917,917.111877082631,53.2503747382362,1320.08728215773,47.9241313294231,2173.22818707253,-215.713191196644,1638.18394240214,-117.494289338156,1030.73952687985,-92.4314901782605,1255.08029058919,597.493815171726,240.78449410049,-31.2285694568365,1390.62516797743,-77.9710378361077,268.08944725567,38.726741471375,815.315435848607,-36.0566988969589,702.9022863392,11.5246772230067
372.741973241583,71.2293892039564,475.16264284468,5.31089410394481,757.928547404718,14.9861287692129,1430.29932515525,2.21226288401048,928.778654821985,51.7551025996306,1338.70159220553,45.9987070759175,2201.4701939493,-221.406676313307,1660.10541511425,-121.353767675777,1051.94466382445,-98.647264493267,1294.21010949599,602.237750842018,245.642850747383,-32.3204284466172,1416.13166385252,-81.5600033455782,272.013557742578,39.0858366349412,823.191720063971,-37.5444197819264,702.529676323814,11.0251967586744
365.056934971991,70.2012467871737,464.548861866276,5.56801975112387,738.200168577225,17.2719571696116,1386.20189833906,8.89780183486425,898.344456338936,54.1175536643885,1299.44917754637,50.5775262813514,2140.30812644686,-205.511965073437,1613.65447731128,-113.523735569008,1005.84077908981,-89.9717459124301,1201.61809647105,581.114020214795,232.74312978602,-29.4966571181697,1340.53505343764,-69.836712518187,259.320212802414,39.4610434477567,784.352822116313,-30.6499241256837,686.117543057048,14.0037980268033
362.223375267204,71.1976506612557,464.627293836539,5.80014892646454,743.469885509458,14.5426083782331,1383.54529757509,11.2935014704794,904.693113905682,54.6379442914798,1306.49875675103,48.3708793933185,2149.71488384737,-212.07473871292,1617.99455190456,-112.989791390002,1012.46201871633,-89.4762679431173,1222.80708172481,591.199087915512,235.685129601243,-30.1301469015216,1360.92637797853,-72.6267415083605,262.333218286953,39.2966138935031,797.381518923952,-32.831614773935,691.303347866326,14.5828311697045
368.652241510854,70.2365485963209,470.85735291292,5.16894961465197,750.620888429947,15.2654472524267,1411.3615168035,5.91557215802365,917.768862406171,53.0068574264192,1320.49565731062,50.912724538945,2180.86341505302,-218.003237315515,1637.71139885623,-116.830689353405,1031.0897297372,-92.8890649244593,1257.67179444,597.16477671419,241.021759848331,-31.317175080097,1390.58907843467,-77.3558839320772,266.867001462851,39.2533493389434,814.715731769867,-35.6898193185271,702.846934615463,11.3504125021125
373.204369626393,69.5396168265511,471.033778075708,5.67400155293993,760.453296781552,12.8311928509612,1430.75167626924,0.532489458786247,930.372274045054,51.1574645248018,1337.33137144532,46.1902269765216,2201.23934028698,-223.5835998439,1656.80670496943,-120.635285458058,1046.28403085804,-97.1468891846757,1283.08065834684,606.251494765201,243.006166973111,-31.5764683392619,1398.71989139526,-78.5351217174791,269.297601156231,38.5885586449026,806.80422028412,-35.1238491429633,693.881785527672,12.7548310705307
359.972114634906,70.9447378315741,459.458189389339,8.37816704461243,741.122408783368,14.7601407639761,1375.72594182838,12.0727563797262,898.133215119944,54.2307160615218,1297.6459706546,49.4402112925275,2137.76235187339,-207.61630097367,1609.17195197533,-111.863695396288,1001.75296082236,-87.7980391807174,1194.95216110054,587.039469350008,232.163895451827,-29.3371897363566,1338.50025282704,-68.7550699777936,259.128034768,39.6464098354117,781.793101133052,-30.2320878442352,683.24886379094,14.9354673623819
361.414828730925,70.9203408777227,463.898483062906,7.37713258341095,742.282704739607,15.3175295447266,1382.50676188962,9.97649186093271,905.61277716477,54.0451969799223,1300.31812325802,52.2493036769554,2150.08741173974,-210.633373762991,1617.02364859557,-113.288253102041,1012.70421300202,-90.0868239368956,1225.13998496665,589.471018226365,235.60264859651,-30.0973884354421,1360.6724114298,-72.5534673892107,262.452755194536,38.9631837141192,796.880064351416,-33.0556793819017,692.298774252458,13.1902371288922
364.770050638943,70.3981521567786,466.69344912057,7.79047755396637,748.667692774296,15.3466772183558,1402.79090613039,7.18564423884147,919.082977504864,52.8272461425449,1318.22459938126,49.5007253012236,2180.33292097663,-217.308587241617,1636.64077475734,-117.622226273875,1026.29424640876,-91.8429371210618,1259.15930906515,595.049272521399,240.724165028977,-30.9702746139817,1389.61471426724,-77.7975271685732,267.690880350556,38.923116922843,815.316855320485,-36.7865997247925,701.581818682007,11.6982662043932
371.813085090456,70.3736387237263,476.760545662591,4.21205826160555,761.533104100789,12.5375263510175,1430.12474409301,0.52133320140198,931.04762727259,50.8522756615437,1339.70443348433,45.0659928212611,2198.3151875663,-218.748528343311,1655.1110404356,-120.601826660502,1046.82052477615,-97.4479037932306,1263.45094308176,598.420313382232,240.180714373699,-31.1070882425097,1379.40812249477,-75.4883030449623,265.879827443742,39.3351815762744,796.583878284397,-32.9708862528345,689.044695141018,13.2208336451957
362.443645807022,71.1512010674289,464.279928644409,6.50275190272839,739.526275834801,16.5140344881991,1381.35115803468,10.5098619670473,903.294135445344,54.1169126327527,1296.98544323397,52.6019905820539,2150.39983203425,-212.232642446128,1616.40340525312,-113.284579780817,1006.94410247824,-87.7269016049317,1206.21083121051,587.211596841749,233.460793703689,-29.6871452696214,1347.3204439646,-71.54268239246,260.324008327484,39.1438203527966,786.970958321236,-31.427256733006,684.301403136565,14.3872486720554
364.59170691889,69.8828085150944,468.929992500403,5.11764724717541,743.547496366908,16.0763944839543,1393.45154566619,8.50797752147787,909.655524532956,54.4162084221089,1308.8613201837,50.0475033317254,2163.29177150523,-213.159020684741,1624.97050033356,-115.296678017984,1018.28153510778,-90.4394552525673,1228.21096866923,596.345650075687,237.548603524212,-30.6171423223044,1370.94524369955,-74.4445734340936,264.680260905196,38.8006311277331,803.055325070324,-33.7438783082627,695.194131147788,12.9657326148018
369.773297858747,70.0386234671758,472.013777163887,6.63933877296822,755.758850929414,13.4166692086455,1416.53293760637,3.87503299878477,923.049849222107,51.3804742775425,1320.842911089,50.1164032192734,2190.57272657589,-221.023341031107,1642.88712801036,-117.72009470866,1034.81594431601,-93.9235411839805,1262.91659568813,602.61365822808,242.714874925554,-31.6365160139988,1400.54237136505,-80.1155148599047,270.316797078224,38.1638668676561,822.05192890071,-37.5955302173736,705.54065862252,10.6384089928245
373.004195288413,71.398880037924,475.952660137967,6.69181311091743,759.030977880868,12.9325129862839,1428.2647281423,2.96015867925397,918.232802096905,52.030783830553,1316.87285308718,51.3146703042383,2181.32035072467,-220.091919610386,1636.45860439664,-117.407149389875,1026.40842176783,-91.2809979295977,1213.40750281523,592.975212891605,236.189590795942,-30.682245549832,1355.80344322757,-72.6759001153642,262.689431860772,39.274818371846,790.391677147275,-32.802314410294,687.85174386481,13.1108402496285
366.468948631456,68.9005310300021,467.094688253848,6.13780191136148,738.85740659667,17.979922057766,1383.50800723873,11.7263094426001,905.115761812172,53.3347324292596,1302.93887323776,50.4523286293315,2151.13608389431,-211.842342522893,1619.11895725982,-115.343873051927,1009.22470707066,-89.8279027114093,1206.61262735311,587.409693885644,234.123647218943,-29.9656237386041,1348.75290899592,-71.1540317897131,260.725150772243,39.573770197187,789.809395687768,-32.5975125031837,686.447372758069,13.6824062196802
364.288336668163,71.8684720545334,469.694517326808,4.55167482571082,748.337708431187,14.6541050339267,1399.25235041197,6.41949914934558,914.073071308602,52.4730626669528,1310.12676779234,52.9269817656485,2171.21710997613,-216.138196261803,1628.85698436058,-115.84194999763,1023.83923763944,-92.3606981121435,1239.84193422056,595.521446717479,239.156164296411,-30.9660190727965,1378.13383975704,-76.4561104068201,266.284324868677,38.8735504503804,807.611697576529,-34.7141907168667,698.27604213552,11.7105848579475
373.076093162854,69.0446692821225,472.732055067145,5.60957155799406,757.842003734697,11.9438209870709,1418.08563874187,5.16532435271234,926.493163065197,51.9217604637177,1329.23915382836,46.5877771147862,2195.77091383576,-219.595399845317,1647.72655226572,-118.52381695614,1039.02614104336,-94.5329578083131,1278.39663566363,599.49131828282,244.291960241961,-32.2393261285507,1406.63068173665,-80.5622645798536,271.894770626694,38.4204852021723,826.308838731106,-38.8644977723619,706.832858026397,11.0753417473083
375.777987552796,70.8359376467179,479.85731840781,4.02801243037991,761.842198026137,13.6178068069552,1425.09101054938,3.55257556266609,920.848546274091,52.0530337087073,1321.56920510769,47.2401417027231,2184.24742993063,-218.40113963946,1640.8018255582,-117.909419898555,1027.90940655463,-92.3057635714632,1220.81711323576,589.248790744898,236.577396056357,-30.8497292579798,1355.31402418407,-72.343361576716,264.073574081438,38.913121115738,789.668978866763,-32.3295238365152,688.259571815087,12.1833037076383
365.477627909697,70.6994140523903,466.725888022278,7.56115337253234,745.29535973176,15.3109158375759,1393.3902828018,8.0949589330128,908.473542408742,52.9370948614692,1303.70808109669,50.6987035349742,2155.65695337054,-213.375748545582,1621.59559275681,-114.686053803761,1011.4466412264,-88.9961598089231,1217.84874712078,587.725528073072,235.28681132074,-30.5094359653373,1350.33813741922,-71.8289471964472,261.388911364583,39.5472321409788,790.167392557211,-32.3862464613862,687.868489914275,13.2712422590466
367.904968966933,70.1571290434954,466.677869053066,6.46871050112851,750.659650183504,13.9727681068843,1402.66704708764,5.72259408650503,916.928168507771,52.3748776699691,1312.56025236978,50.2006960329325,2167.49243168087,-211.971042643447,1632.42883513519,-117.34324390726,1022.09737010113,-90.8221615172141,1245.77925197335,592.296480361235,239.862101235743,-31.1568878233768,1379.61024790661,-76.1787932125751,267.282243066478,38.691375433222,809.618230211855,-35.5043939780343,698.216755369091,11.8227121557261
372.769574338829,69.651817796167,475.823130355264,4.68103064926403,759.149928802042,14.5536140764167,1427.86688539169,1.84121736625589,929.771163841866,51.1014567373495,1333.42237843749,48.4611698785283,2200.63947762242,-222.346978380722,1652.75033748674,-120.289665521634,1038.72049196994,-92.3530868505748,1281.44764761251,603.219144100672,245.588665116588,-32.5494794862501,1409.67130100008,-82.0499778191584,272.954682974957,38.3654019830141,828.247420703719,-38.977147873191,709.220619383312,9.68545134986113
372.25908063726,71.3604230927596,475.56634469082,4.37391205840816,754.542843569688,15.6382421071937,1415.80307056235,5.55811532069973,917.183833546316,51.5261526022209,1320.03672669126,52.1190944242959,2175.05293595326,-216.182777817129,1634.72561073383,-116.631475480254,1023.34880751935,-92.7474754470879,1218.21852302152,586.974547923592,236.557863334649,-30.576689680682,1353.51998289536,-72.5581053027688,264.128571769675,39.2565971029522,788.896910347306,-32.1974043288796,689.01259909067,12.1342113923145
366.460768347038,71.4650622054656,470.048719597677,4.9226415999602,747.079388333895,15.7929781536816,1398.47067829415,6.48185788403532,909.981864435443,52.5672749583078,1306.02257783574,54.0023305789019,2161.12167418447,-216.455529552562,1620.84865843583,-114.223163796196,1009.78777628827,-87.7053639090941,1219.54892221059,586.872158184433,236.229984313419,-30.5736170333688,1349.86590770941,-71.5134603968608,263.845957879971,38.7130627341311,791.005096676429,-32.0591363431993,690.529072745488,13.1409492648807
368.313900424136,70.3345370639194,471.290641537622,4.63414932614663,755.033004666497,14.6156342653551,1407.57289678816,4.62504318235262,920.982741210943,51.1319317794019,1317.23204042743,50.8088289691149,2179.55831023611,-218.39020256546,1633.23124858203,-115.904848261675,1027.37355318921,-92.1037490284788,1252.71051909584,595.714497034643,240.907034384975,-31.4765869816532,1381.26236361749,-77.2264141926588,268.330526606778,38.6206919877585,808.979063782754,-35.1837960529855,700.854587019685,11.2685804020401
374.856861516691,69.1571861505826,477.272179545097,5.12905726454799,761.862991272144,12.928476778024,1425.32730840032,3.79277107798832,932.994027816116,49.6945537135977,1339.07252286353,45.5479317718493,2203.34482967879,-221.724247911872,1656.97757773513,-121.610330567608,1044.99218238524,-96.0028143077363,1292.614705402,597.2545568621,246.490714416814,-32.8274718751221,1410.63986062961,-82.0658502147609,274.066278999912,38.3244890607421,828.760490272005,-38.8570757453719,709.367814907013,9.46364636713053
368.434475745209,67.9373613459464,468.522211250982,5.57122096676686,745.217298330948,17.3917884333333,1397.50135233439,4.88371698805737,907.398768029459,52.6789178023547,1303.55590967588,52.2270121029669,2149.55898278861,-209.171678757854,1617.38669275344,-113.365489097916,1006.74562080583,-87.3203568835907,1212.47516576357,585.325462275329,234.316216254463,-30.1304099190357,1341.45761644955,-70.8523516915244,262.231391229886,39.2756907589305,786.869531283108,-31.996350980929,687.758941675244,12.6548380714104
366.955345374302,68.2517511726514,467.149954430252,6.69823195869384,744.191375631554,15.8255150547958,1394.15152290549,6.93913533082562,911.49227990078,53.0539532108877,1307.89275546097,47.3511835071854,2162.06846147979,-214.859183275666,1621.46745576251,-114.66991812952,1012.05960745373,-88.8119777126687,1228.700560232,591.256036664332,237.61617758667,-30.8977251597137,1361.12249510647,-73.2315617532391,265.116304417893,38.8735404045725,797.905289733005,-33.7242843863793,695.848035117901,12.0507760671356
370.338163226381,69.591333365096,473.948541936711,5.25403405882794,749.517578794169,16.0431897536481,1410.22314264519,5.38221958138179,924.185804260565,50.9066275642134,1317.05324041824,50.6339392869814,2180.02924099986,-217.808840041193,1636.96235512944,-117.546752501506,1031.47890427638,-94.7261163141775,1260.31926967225,598.996977916247,242.331568945019,-31.8255685281861,1387.07283401173,-77.8617029492031,269.917856391432,38.8821336799162,814.933559805372,-37.7153724291952,704.580067517221,9.86167315674666
364.357506962303,70.5100537703162,466.010448201893,5.46973338790303,744.636572412041,15.2844571565475,1389.2428528686,6.56782909694265,904.808302448125,53.1148332205006,1296.95734579334,52.3166057960913,2144.48760610835,-213.018945592778,1611.21268351149,-112.031753659559,1003.14456627064,-88.1571111729108,1202.34918720027,582.794597394237,232.385398002962,-29.6348394880145,1328.25933790564,-69.1030587622438,259.802096838546,39.7097956864278,774.76692327377,-30.0811763901132,680.212797589386,14.2187887317193
363.551855079196,69.3395767161198,463.543526462647,7.95386392754099,737.862706437118,16.5297877335752,1377.63802121507,11.2249743090544,905.192812069744,52.8534777242197,1295.91705924995,47.984382357369,2147.05201900791,-213.120478078232,1607.04214661487,-111.321228032297,1004.13987045273,-88.2723927402009,1211.96912302229,588.203811565124,234.653869207433,-29.8718970364882,1347.17550603392,-70.9915884918827,262.682538459402,38.9328666076562,788.330588192741,-31.8616415050802,689.648733620054,13.6640276128057
366.348425671637,69.6707341090233,470.252095751836,4.7392042918647,745.422425894821,16.1535490375344,1395.32189072246,6.82120121096017,918.013305453832,51.7536026783085,1308.07532157259,49.9585987336891,2165.07242797786,-215.252564295236,1621.99846197165,-113.144232298125,1024.50525572611,-93.7201845839478,1251.32132783345,593.331647748829,239.811350969852,-30.9714935814364,1374.80749142666,-75.4032696236411,267.606655010016,38.4339673612221,805.878503419999,-35.1350625994353,699.58174926604,11.2794194190862
364.274734122851,69.6657282227474,464.735415252425,5.00083751778482,738.062210217483,16.6481170048008,1381.3002148155,7.95070639645712,900.047551511899,53.3387539416355,1289.64429895198,51.910355057296,2132.42290586796,-209.444077394194,1597.60158759711,-110.7268267446,991.016729084711,-84.4622322727853,1189.99453021346,579.422941677454,230.788982981491,-29.4190952624219,1314.56614285197,-66.6253253266903,258.02909885364,39.4417032128589,763.650629635315,-28.3388584896185,676.44425764544,15.4747968114222
355.753223251828,71.4140488477769,460.653596149554,7.01627363711992,729.904830831788,17.7714573738538,1359.59182632916,11.6279796730656,895.835923882113,54.0270460505473,1275.86795504101,55.3122428274166,2120.47735900112,-206.97668418826,1588.98767790815,-108.492787322528,989.480910671644,-85.1893225202081,1199.47994873961,581.095066291729,231.782201101978,-29.3042970217542,1327.164681246,-68.089272842914,258.662467306465,39.5600357513724,776.516079362073,-30.5717431294872,682.535519809103,15.4295533328889
362.079103816359,70.7160651393881,463.587372755089,7.3032992783691,736.297655165607,17.3303982291774,1382.85141442087,9.67189584469817,911.275453046767,52.7405841731914,1301.66115265959,50.5520584130328,2150.80180279594,-211.91029569357,1608.55556195011,-111.15554030456,1013.90107108316,-90.2210822378876,1239.4575718699,590.471150821995,238.049958386177,-30.7014088415236,1362.25966141545,-73.3142837269141,264.647856261601,39.1815462425344,798.02446778796,-33.6806604199354,693.536755927662,13.6009311787188
365.871762016924,72.2195369665663,470.407269022004,4.73277820970265,749.436528473613,15.6890052838752,1404.84844004124,4.89720939550995,919.845533306009,51.8506498509552,1308.62797883923,51.3977754284116,2157.46846184236,-211.067702552856,1617.74663564334,-112.775023433626,1019.39513427446,-90.511131618183,1213.40572801103,585.444410589651,232.953127741039,-29.7103134139302,1329.72696536666,-69.0417279872871,261.124937631128,39.3054754375785,772.315307804015,-30.0070642517282,677.260654081565,15.0803440395878
355.108991621736,72.4947804906577,453.555116307536,9.5016496040693,726.693627401733,17.2170440248283,1353.14391522096,10.7431725732112,891.895843917125,54.2168298602688,1275.28766114442,55.8967335803425,2105.68605100602,-201.034009543225,1579.58287947414,-106.433375170178,979.675019045472,-81.0341101416717,1179.52526803002,581.94868948466,228.356088291347,-28.7491631695963,1303.72932910904,-65.1300106603835,256.15098660873,39.8191422498371,761.588673935699,-27.8406078593098,672.962322763152,17.2233529717182
357.062820031383,71.8128815628021,459.865140003296,6.41720195366144,729.719057823566,17.8926517161608,1358.16485650654,14.4709780334716,902.032645275739,54.0258062501016,1277.16150026133,56.3193361628626,2120.27719002083,-205.047489800907,1589.23783098532,-107.126062612977,995.762995334821,-87.2975111257772,1211.410437956,589.089469162049,233.772739333964,-29.7591006513446,1333.97772166195,-69.4062305838218,261.018318545641,39.4482818471049,780.724851794777,-30.4525996766173,685.706457041756,14.2474178820186
365.675534048654,69.1342757795275,465.033281047361,7.6489206607961,740.31254535228,16.8082566437855,1385.50729088371,9.00609947481986,916.834749497836,52.6798159555696,1298.3018559433,53.2104226321139,2152.10345887902,-207.717853636214,1613.16774729628,-112.831858209148,1015.65969276587,-90.2857859789273,1247.21028148651,597.024411235714,239.993987418362,-31.2049787036574,1366.62630905371,-73.8948715902323,267.633629552008,38.5435828783046,800.848531745658,-33.7137019701328,694.832684933887,13.1458126247116
360.718322323254,70.0927847092584,457.361268878716,8.09819799005784,731.23326515344,19.9411691546157,1358.67290762634,16.7512316213882,896.230193271735,54.330049789378,1277.17418797502,56.3060212122895,2109.46943780328,-199.761193923337,1584.3772048281,-106.853380679372,984.219831162439,-83.8145226579341,1181.04845763351,575.76243017995,227.997003790036,-28.806466512285,1290.8191914072,-62.9144650180437,255.914205470659,39.8281974040271,751.447009414197,-26.4215567662377,667.757985599129,17.3353000266058
356.819800954083,72.862519604238,456.096851811415,6.97425020395554,731.565842767721,18.8583617345377,1355.52519346497,15.221158781593,899.314158691109,52.8754969291441,1284.21333875713,51.9217128324317,2117.27265403799,-202.632268826483,1583.90163800686,-106.927148396894,986.631205105198,-84.2841718552643,1197.80663050861,582.652247198927,231.257485284687,-29.1384596845215,1315.1666564207,-66.1534385794573,259.342483020455,39.7674476643111,769.384778343827,-28.6062436950585,676.132995630427,17.0671317292813
360.641093426937,72.5216527408328,462.00485781488,6.54580484461755,739.917906949034,17.5595615390089,1377.36377666309,9.66770880488988,911.962194049985,53.0269330866818,1291.78408094455,54.610249281985,2145.04477481171,-207.465340068425,1603.26020783473,-110.603258967083,1007.04268515701,-88.6256981845765,1235.45294627409,593.513680283629,237.937714447404,-30.726753958052,1352.50263686607,-72.4522262553693,265.733828572379,39.0417798314458,792.731037676812,-32.5151487834144,688.554132140033,14.7108248676752
367.933209453411,71.6061878612912,468.560313513575,5.68787320914712,751.230118372922,15.9189397585322,1401.51971150665,4.71355282988055,916.335116538498,52.0343998924642,1296.49183107246,54.1417661797866,2144.23914306432,-207.679663038145,1606.27088574044,-109.953624255969,1008.4209099694,-88.6265628139701,1212.97336619852,580.30511763552,232.520646535727,-29.401554140381,1318.11388638914,-68.0325777970405,261.780309818676,39.029282618191,766.067637493797,-28.8103315518919,672.820637705527,16.1186198491847
356.638592915305,71.7698479368215,458.582221139424,5.55286955637873,732.772026480135,17.9116591275361,1365.64937308822,9.35182352987374,900.151450601081,53.9504379984653,1275.7629313308,55.6262944394099,2120.5387542682,-202.944074412287,1586.96602289542,-107.650111292142,988.377369022023,-83.5887502629242,1199.32107012571,582.32364991076,231.732938980962,-29.7968589616441,1310.50045459351,-65.2785642467649,259.607503412929,39.1565894878042,767.23767857923,-29.2292933841021,674.025484884612,16.4809971535417
360.659432841427,70.7971629898035,461.717439179543,6.9459637561274,735.182636469499,19.3470887457713,1375.35208938013,7.39473662611371,910.984380032778,52.9404148109362,1288.65640246299,53.0389305329912,2148.21758217153,-210.480262906896,1601.64637666878,-109.915348314257,1002.70900761862,-87.1571863078675,1227.17010547969,590.530807390965,237.589565319339,-30.6653720173841,1346.33200350424,-72.2562613689527,265.470472236008,38.8634286140499,787.461787820189,-31.8696030974037,684.682844194658,15.3477644088702
366.902312357916,69.685726160556,466.116420743696,5.8979633851456,747.262185552343,17.4604826085422,1401.80930009039,6.91294407237527,924.338327717913,51.8330120740849,1308.94285255898,49.9944288987911,2168.73767534402,-213.230838859007,1622.32480901791,-113.694747049483,1024.08609584811,-91.358586658374,1233.76133559051,591.109449825229,237.087125975889,-30.8024319965177,1337.86057500141,-70.9127884700731,264.920339045433,38.5682277563644,774.625423182518,-30.5570375166126,674.314187987228,16.1683463270754
358.076304927618,70.9108573406127,458.836100918106,6.48686101819253,734.2252349805,17.3590203867235,1366.09373837537,9.88211930033969,901.249203873178,54.1235926132053,1281.65018999419,55.4723145063956,2130.71385871489,-206.318071216958,1589.70908873793,-107.227854946643,993.677522373598,-86.8531147084446,1197.02393674907,585.066801511356,232.535804180269,-29.9831333533386,1315.30022754477,-66.918996593283,260.488980930711,39.1768491424323,769.556692389481,-29.048594974525,672.140382873532,17.787461363599
360.141271187165,69.6754440384193,460.249901999686,6.83421781843481,739.366328295852,18.205215266836,1377.60585726453,8.56907858604982,911.756302524926,53.1255851560568,1290.23614442555,54.3706357610962,2146.9442008569,-208.873894614346,1602.24687344477,-109.362279524902,1009.85818186248,-88.3236166866363,1229.83491387473,591.292436409239,238.243846513892,-30.8472388108931,1348.80250891057,-72.2474931592226,266.091807007416,38.852945585265,789.456778519532,-31.3391481169547,684.990835973121,15.1926431278024
364.183484634198,73.1462772140366,468.340694889304,5.51670681031449,753.369472165981,14.2097013045719,1399.86256057292,7.31692162651723,927.489659045549,50.9764994671837,1310.03838685526,51.9456924007481,2176.80006388649,-216.28380941993,1626.25198080888,-113.871828835065,1031.44683160589,-93.4681853111367,1271.61532566882,596.954731015108,243.575602092092,-31.9960570744443,1376.49700348241,-76.5434369808089,270.693382509212,38.6601121943125,798.454854446446,-33.5670283975781,683.911860747624,14.9510091426145
357.822358406214,71.0021747679128,458.929124132221,6.55569564100698,734.476949882787,18.5224651791312,1370.04434221724,9.04977679983834,901.197640597181,53.7331348178661,1278.5161252154,58.2577741150088,2131.15487242042,-207.398167533041,1589.96525280501,-108.144952541367,991.803059697261,-84.8479157788529,1188.68961986008,586.787345145544,232.439697521254,-29.7238453453915,1315.6725819146,-67.6228025015296,261.464847826889,38.9406525653523,768.591753587398,-28.1325001440459,671.702053170394,17.5106091967998
359.405692547681,70.9143668997233,459.608778607745,6.80283811425704,738.968937180897,16.9178701435283,1376.45540802066,10.2401409762342,909.679687488364,53.5839745816655,1291.18994765391,53.7175906302908,2139.69982036227,-204.689719165724,1599.47398321141,-109.359261686474,1004.12980798821,-87.125379748245,1221.84578254756,589.872282217276,237.13601037453,-30.6681063036245,1342.20204434219,-70.3583796286307,265.529614897616,38.7342246849534,786.938908681078,-31.3767464820746,680.667057392244,16.3918760675083
