246.835439874465,-12.2506326319868,344.596124408644,45.6834060837859,320.356379186467,-26.1425227187881,1172.83932576487,42.1239454940965,806.042696274761,26.0266014559203,367.391976506015,23.850989330663,257.51858670843,-21.890243769117,464.081241542715,-20.9975459200289,438.37627691625,51.9110670295714,231.511066180864,1.99004089639283,252.622536954136,8.72522847918865,566.664252822783,-9.24739089183229,1177.46852558838,22.4399945716476,642.372974176595,-59.802324594109,446.805377240052,-40.3419106423173
250.485767925926,-12.9478043883471,345.714265684877,45.9139461203897,320.764631112647,-26.2260974180681,1190.46906190372,40.4692017679191,811.405951183084,25.3693988045973,370.644724561558,24.0676313761116,259.365107855369,-22.9975823732961,467.263380439013,-20.1523174656764,436.153964722466,49.7732268098937,234.178630219472,1.33255800142181,254.607998787174,8.8216737316712,565.384859208144,-0.983198280468894,1197.59245145133,17.6915417741093,646.768883960102,-60.7632214386101,448.567904556915,-40.8759627352418
245.057416491686,-12.0373503920726,343.280154915261,46.4666013390167,318.757011094968,-25.5815733716636,1160.76957691306,44.3073042607611,804.57230347173,25.8523656856001,366.478770638063,23.7054209331593,258.703704456553,-22.6541515353856,462.318112323757,-20.2950896732544,437.856346894149,51.4445280606756,229.879893850533,2.00716779689945,251.723249128869,8.99286107362409,567.258276365444,-4.97322203426144,1192.59172343918,19.7603346463141,641.236801098941,-60.1927824345373,446.430860041661,-40.4992847210647
246.143057988655,-12.2633691984495,343.255242880277,46.4911863458049,318.46543288934,-25.2960517914592,1168.02050729496,41.8779419685864,804.595947163153,26.7548984292403,366.621069235545,24.1619612884068,258.254209736179,-23.0305385650279,462.131699468925,-19.7465497167474,437.239611562573,51.2661142226829,231.198416676902,1.5913251021218,252.573720673147,8.82948197250064,561.412616326054,-5.21020428133963,1193.25429889996,11.790746795734,641.408310722691,-59.9231539241686,447.027672157968,-40.2063822999485
249.741864852606,-12.8070089731132,344.795136883416,46.0324185588407,319.682016763974,-26.1812023729375,1188.44733355212,40.3412002707292,813.036400281134,24.0675396379997,369.529277042156,23.7487225310408,257.124133948889,-21.5499276495563,469.774235800726,-23.0383797535398,432.818437587567,51.2925869767955,233.33080928845,1.70871988923735,254.534970394113,8.58541961984579,573.655869193956,-8.4493859744301,1216.17689630517,12.5162411626149,645.729407030813,-60.7531875273839,447.890313322279,-40.3493888912592
251.037607946516,-13.0169204352307,345.208779202313,46.0903482966865,320.92135851828,-26.090651137873,1174.40543705885,40.6015191426907,815.387203011213,23.8984924463722,369.845861727497,23.5207109511548,260.074854436788,-23.0381748418387,467.699102143074,-21.4431293291702,431.687080344257,49.9789260766589,230.469471356222,1.81145142377602,252.254704188624,9.06464023496219,576.456581324695,-9.25477112182296,1190.13096630434,21.4940019027769,640.865612828413,-59.6402498204759,448.03794402551,-40.6945896965514
245.982020351346,-12.4163766355726,342.997096810551,46.5998828322741,317.78361262675,-25.8208727984882,1162.26778399882,42.2308841574378,803.066400426323,26.4269884138187,364.75493096043,24.1553132205618,258.601098745299,-23.1968011957189,462.428298144541,-20.22071619723,437.088774587337,49.5808031534917,229.566902798584,2.19536871821285,251.199509538539,9.25973637378363,568.493659358551,-9.82986580561074,1198.42406908016,12.4720736630694,639.079651653536,-59.1133934312762,445.835274018356,-40.0803355599824
246.926116609534,-12.2195331460384,343.863845148161,46.2307406649247,317.849631456564,-25.1391605584687,1170.85664348658,41.882410289481,806.436559122623,26.7141815452138,366.853188570474,24.0140153738762,257.562701468448,-22.5300477122425,464.09654117149,-20.526718239044,435.649095971403,50.0178326889284,231.962475219404,1.5983856465937,252.887346963174,8.68387198771535,563.134593284485,-6.51951957305274,1178.95425986589,27.7986206231497,642.511981492518,-60.1851258190581,446.631105770794,-39.5341053993581
250.280789948153,-12.902307613721,345.259170809967,45.8644851733949,320.1761970933,-24.3293301921088,1190.26279017276,38.766131801086,813.373045802804,24.4726901525146,370.725923682499,23.403492306143,259.577036362133,-22.9590169945856,468.277475189902,-21.2737194546029,430.400934038167,51.5570795456891,233.856831986946,1.65471914965913,254.961193463249,8.72003547361424,566.348512935667,-4.43277797813484,1200.74413430769,14.1118947260953,646.370045093067,-60.9016156343151,448.408525916174,-40.2376973739109
245.571053125544,-12.1126557628825,344.587187033722,46.5788338900736,318.072434729961,-24.9928037028727,1158.7689363293,41.9259479286213,810.8558895321,23.3097735694989,366.273136415204,24.0571204845141,259.465082655883,-23.0275829179612,463.27678357635,-20.9671675200347,433.216286185465,50.4121605646829,229.50873824566,2.06931307261464,251.164086446575,9.14870104180854,561.338903605433,-6.80223466613709,1193.00853172998,13.9550261004854,641.23185317604,-60.7020593391069,446.723840239678,-40.2755582714401
244.786056669882,-12.0134381400245,343.577806158677,46.5959434487731,319.550733712553,-26.7091537806523,1156.59780580833,42.2081386743983,806.917631721214,23.9985735048602,364.272607946767,24.1222725756622,258.824109650006,-22.7333446605442,461.840544970159,-20.5031067138459,434.742395092664,51.5122447486528,229.519829205383,2.0044460716972,251.412528230885,8.54537028911051,574.179216438005,-15.0247801168185,1184.15957350872,17.573741382792,639.783830075271,-59.7313730625707,445.360085912438,-39.7162391559596
247.605146671321,-12.8719858834023,345.36788743066,46.1083619241868,320.473363359945,-26.8893407523109,1172.07511650293,41.0232130518868,805.718554190679,26.8825405050772,367.387641223448,23.7895441990666,259.777681562212,-23.3503748983058,462.666525307938,-19.4459688709599,434.761615149839,51.2396878643613,231.687107860278,1.89034772672699,253.558984220354,8.45472250695473,564.96069471038,-1.57292531694365,1184.83074933295,23.3752317673773,643.66901550676,-60.6000642380242,447.780504999064,-40.5738213158228
250.577679414758,-12.94149357681,347.170789744144,45.833368666043,320.631436475423,-25.1146545704005,1189.7033976484,39.3979661446448,812.956220695699,24.409395341567,370.96154668217,23.6502728007965,261.078340287824,-23.6915466674296,468.592086208758,-22.2762156974335,431.799403711643,50.3266830548144,235.172488467515,1.29414979396244,256.362596419612,8.1092041951364,576.113114186383,-7.58408202498179,1198.0146991593,17.4574076675013,648.051941361239,-61.5200058413502,449.728305758465,-41.1336743996366
248.663734753385,-12.6557946528527,346.478826332899,46.3491161255694,324.049192308912,-26.8227491224959,1164.47283534629,41.0908829164621,812.847808450289,24.3721215404087,368.636669609705,23.7192319124646,259.938741539956,-23.1428054749366,464.768822393931,-19.7672134088847,432.834557678972,49.9709665259503,230.785982689561,1.92018971522372,252.423277962968,8.9117926642799,567.178178135687,-6.95865179798564,1195.04095290377,14.4948766233566,642.772684434652,-60.4201468380363,447.697141856904,-40.4008834810871
246.199394314126,-12.1342162899793,347.466801296783,46.0242325443965,321.668875696842,-25.055112591265,1162.62053632839,40.9917334008554,810.940406755469,23.5378955588552,366.529006666308,23.8182858570181,260.3490762629,-23.2921272277829,463.827039702351,-21.6292616771279,433.484565377835,51.4934300795109,230.93848622158,1.79051645719423,252.02420272627,8.89170757528151,563.718130930552,-2.675021539726,1180.55081884861,30.8314651084571,642.332564932726,-60.3241915549328,447.309609442141,-40.1834761054515
248.017799655182,-12.345541304076,347.769698871842,46.0503578669007,324.617077555771,-26.4908749902673,1175.78848642628,39.8718531805535,810.127499400252,26.4369988477649,368.996796646459,23.5161188368827,261.714839922722,-22.6552906910259,465.357976902078,-20.875136291166,431.220548195756,52.4034877942108,233.276930422424,1.55170973738097,254.136228490255,8.63634314811535,570.686220532487,-11.3725869636877,1184.5574403074,29.8867354169035,645.089024371554,-60.4775331959364,448.952204025256,-40.5571953068647
251.592526778626,-13.3189899825376,349.803756034031,45.6451234150405,326.268838231178,-27.0238744502992,1195.17896525387,37.3629039335114,814.144698679751,24.3006547228303,373.90351902775,22.64720542269,263.458524183361,-23.9895074921989,468.70469656788,-21.0952236508776,432.58111902913,49.5535046825844,235.815956699374,1.01790441836781,256.353366654044,8.45035966952465,575.848504790941,-8.01537866619096,1202.07284851561,19.8229891066243,650.134778694006,-61.7563077322226,451.158214352834,-41.0983849260805
246.16341472455,-12.3126329280118,348.279351253591,45.753193171108,325.19018978855,-25.8684301839944,1160.87866934171,40.9272456033588,812.980361326243,23.0156865761777,366.786340988978,23.9696710466294,261.272436826782,-22.3161547777592,465.967722257927,-21.3890460876777,436.162569268743,50.9469746814905,231.25972933627,1.61168753316782,252.226351451878,8.87106188291872,576.790073191672,-10.4196992857074,1197.95191964747,21.3793875042934,642.353056699514,-59.7027630874166,450.585471327303,-41.4950931843034
246.391663238018,-12.2888267259222,349.653392525583,45.4146610966318,327.088188740108,-27.5286938467174,1163.21137845557,41.5059313234789,812.058820275453,24.1039025951065,367.588397781978,23.4453094525211,262.381262820152,-23.8632181493571,465.401022980197,-21.0860263193734,436.925445402151,50.1820323104653,232.648026031374,1.20879585397797,253.097946795922,8.86260760039629,574.509589056922,-7.6638893282806,1185.14967464756,30.9627479072557,643.648040890459,-60.5380022933561,448.88544521623,-40.7170388021894
249.810470477012,-13.0693030739381,349.494595541614,45.7987487221506,327.665694694805,-27.407741188383,1184.232436619,38.5174232085414,817.936045260693,22.8418542786027,371.330442707278,23.2411326946361,263.629422737069,-24.2499073964404,467.544673644445,-20.8141430257491,434.488315039186,50.8051378311695,235.168388277433,1.21765907994483,255.732401046544,8.05059418707783,577.547630107659,-6.73246055950017,1212.67948907877,12.2315961203349,647.802302433761,-60.8164174356174,450.549154977301,-40.5512899461558
252.502845171906,-13.414985331101,352.480011902417,45.0846524196685,330.580066933436,-27.5379963110393,1203.57667486564,36.3815001826748,824.875714019013,21.8655928072304,375.367633460084,22.4498661643126,265.109314791453,-25.0734324711883,470.581843602043,-21.0142356846132,432.857019677314,50.1701979628969,237.429954675198,0.857339243691754,257.770302641206,8.16112488464705,581.04972281009,-11.3058049435195,1222.68296749817,17.2713818034419,649.910648414279,-61.3886063632637,453.511104758781,-41.485751281179
245.670140108949,-12.3177300380453,349.951864169518,45.7141260697339,328.458188611373,-26.7719334373138,1160.09404643208,41.2134400707046,808.455965574941,26.363626453616,366.637971619849,23.8950490828051,263.315949635689,-24.109230868503,463.482361174932,-21.8124086731001,437.61533197236,51.2004690960794,231.321040032371,1.50229196689787,253.0528853787,8.53444720440427,575.858991987356,-14.3500779496152,1210.25919745168,10.7791144268416,643.306312549076,-60.0721695898682,451.387257619382,-41.2920272707572
245.803698785759,-12.3495633158746,351.289201571451,45.2585685200551,328.888977476928,-27.8741467272499,1163.36000978773,41.7784802969673,810.868869814058,27.3753017495002,367.553311779705,23.3235613382452,263.843876949444,-24.2707010491797,464.520356385221,-20.1643616177516,441.750639735585,49.1564167917848,232.221142408291,1.56905360402112,253.428142634448,8.55308463915645,575.900088324166,-7.57986031679043,1212.28231238141,13.9982627943585,644.759961962066,-60.4810734785731,450.999051566922,-41.0997367484321
248.334670269671,-12.7836361998891,352.622159161096,45.2704954307149,330.730531217184,-28.4235612102555,1186.22048036923,38.5127596832362,819.745950885526,22.4077743642099,371.006510703243,23.3981969856207,265.889354656442,-24.7311219740352,469.243181314009,-20.9797484813415,439.53299620699,48.5446589973582,235.087067726125,1.09321683680156,255.837603873909,8.32970658602353,577.949705816611,-4.37120253004165,1213.69694890295,18.0037262475117,649.500547859032,-61.5857810081338,453.50749193203,-41.5813447750639
251.546153658825,-13.3893056356772,354.744911545078,44.3534184621131,332.956542763834,-28.2446338561739,1204.93008481015,37.3200508995437,821.439114786579,23.6347403695734,375.229878361783,22.5653373770706,264.752338811429,-24.0051687441977,472.317910135783,-22.9740340278884,437.114218676209,48.9484052186664,236.489412339058,0.788709147251195,257.560623481835,7.90681267390163,583.080830548237,-7.96124531453807,1228.44144344933,13.9190416697966,650.829401786528,-61.7629152022675,455.645538740246,-41.8253491582468
244.333939167278,-12.1422869938666,352.614460079468,45.212958815518,329.126899689928,-28.092416352235,1162.36650892238,41.8881415593933,815.298628933848,23.4162438122734,367.116293734175,23.4198950355744,263.799569465159,-23.8893819545393,463.204775978306,-20.8789330139511,441.10608615058,50.7782573499913,232.40347416916,1.33027238989408,252.955152488366,8.86006432523087,575.868586269679,-6.71824564911928,1213.18789473832,9.19569955313616,646.691305362859,-60.635894436412,455.186078595301,-42.4170381221115
244.637645662815,-12.1104871083502,353.96120727872,45.1069774810385,330.081043906744,-28.065553189948,1168.97892409084,41.9827335972169,815.764064702808,22.3909181695233,367.716843477173,23.5094222351918,264.649625466216,-24.2022961213365,465.701429672755,-22.0099806374319,444.910787449776,49.4480299454197,232.712802530733,1.56300187656004,252.959770516834,8.84321652648391,580.921591723041,-12.0331058828007,1193.69314533378,30.0119865586908,648.767474024912,-60.9371736707535,455.79746072411,-42.2833094175536
248.557767218466,-13.0412516852954,354.480266122477,45.3210718490645,331.959167263608,-27.7402946017293,1188.18124968029,39.8834016701843,822.7146865013,22.2652207284194,371.20150761132,23.1136937196851,266.009715215862,-24.5095130132939,468.309767197441,-22.4377587192915,445.363038302487,47.765979409921,234.964413602744,1.3241810614991,255.502738570301,8.69976009015675,587.054229312242,-16.0684204603573,1217.84430941658,10.9443920252163,652.636982237606,-62.332012992254,457.841684599657,-42.5531536800758
251.207960230234,-13.0805175214545,356.251311453211,45.0546153568696,333.255006601144,-28.3675337453848,1185.02171921399,39.332826881826,825.159985715278,21.5058794422913,371.077754164059,23.2891655941624,264.420570926055,-23.0199167083821,467.294629489708,-21.1793587815161,437.696294282343,50.2655171531852,232.608060315829,1.49760261224301,254.113175648372,8.29039376109382,588.092695095948,-10.9052169747825,1207.64286534798,20.8699266083949,649.514067614284,-61.7512893769194,457.910791463381,-42.1370266238984
246.461132991717,-12.491379294159,354.462584784445,45.1773593504663,330.718388887022,-28.1344632493368,1169.11785374242,41.9623404021569,817.160111716856,24.8403852357942,366.899841697664,23.8474579054171,263.608528330632,-22.7720436676847,461.882664661771,-19.6511592934783,449.431726665985,48.5161833134338,231.745276333024,1.71392103562261,252.709689573061,8.98306330765177,583.043611550546,-6.9541374219101,1211.95874388273,12.052321996156,649.798840434798,-61.3711901758033,457.753108981277,-42.3215439433451
247.987063796419,-12.5491946440346,354.599694562704,45.6688029935259,331.279011975072,-26.7452721221298,1181.43480488008,39.5778221006544,818.564267209338,24.4408696789748,368.778712889224,23.3691209358859,264.973999778217,-23.8760409196967,464.597209019442,-21.1963256089297,449.136575574589,48.3553560458597,233.942971528915,1.31275870907975,254.651710845348,8.57098762410561,594.09578873087,-11.3989235320877,1212.29838480779,13.6226226608267,652.889497739594,-61.7638327768395,460.17045177014,-43.4198871896582
252.202408797317,-13.3941681605175,356.245577377582,44.6555587084809,335.576458402988,-29.563878192277,1200.73732596434,37.9273807823128,827.555616110582,21.6773505488657,373.320021157578,22.9255679812037,267.318285197799,-24.4606060769325,468.399724380146,-20.6568084728253,444.126727682418,49.3754188222103,237.03705391562,0.795014756970638,257.111900982739,8.31194774969822,595.977170904005,-10.5890864999824,1220.182885301,15.6548424379956,657.654746883978,-63.0827295832146,461.197357807231,-43.0808134092402
250.916292156831,-13.2208404102907,356.453776985912,44.7583014827177,333.692360725992,-28.8547853614834,1176.10698205804,40.5825932946951,822.485826339604,24.4319817342968,369.935672411812,23.2602627268729,264.178834235424,-22.3805025326613,467.282128241686,-21.5149486322371,442.627058624667,50.529944511405,231.767555090177,1.83832250322803,253.683633944385,8.72383770767989,585.80164455073,-3.55918704901618,1214.27902290555,17.4514297108173,653.484126883414,-62.2025055840392,461.084014589719,-43.1688302364904
247.379074652028,-12.2369976612865,354.974516126513,44.8094085599975,331.710166973357,-27.5862627652131,1171.48514139978,41.7552471236095,819.465791729038,24.57770600784,366.609929311097,23.9463559857698,266.670771163656,-24.345913116151,463.511738831683,-21.229612014203,452.424016858894,49.5349525665818,231.982005144852,1.4797446046645,252.802007144549,9.1993737377659,591.444021023104,-10.1210424375732,1201.96547746197,24.0563349966409,652.185095834019,-61.7780480287338,461.402540437061,-43.2510131979513
249.717767154083,-12.7036777193469,354.688875063251,45.3231500743879,332.85601757392,-28.6011641640469,1187.03038677843,40.2201602802296,820.073831166718,26.936787867815,369.566078046666,23.5604377212763,266.622762253105,-24.5169173111502,467.784389651133,-21.6742183920616,449.938085589986,48.9727888793552,234.632742676173,1.13612142826337,254.774547718821,9.14097389885781,591.825234248759,-10.8465852865038,1214.54015221652,18.8189336952998,655.895913947511,-63.227153021463,461.626636440635,-43.0099146794119
253.367301485369,-13.1624130917461,355.496001830807,44.7687841491329,332.807279172473,-28.6023783712333,1206.73314363307,38.0403410634195,832.711471293538,21.4738134603001,373.495246065336,23.302731338573,268.044138961047,-24.0506248599822,470.791003649944,-21.8199971161469,444.914076492292,50.215903162075,237.285760358792,1.03745536587024,257.256626667117,8.54544841720776,593.412846798304,-5.71559755677635,1222.78063279544,18.9866649681214,660.023279737806,-63.6808009567196,463.737348485527,-43.6339190478307
251.705297451947,-13.2013711816647,355.056391719429,44.7366509609016,335.010439823141,-29.2180476556065,1181.84932116372,40.3500466866023,827.126085025265,23.9814952751007,370.572891891302,23.7929227533885,267.222355691192,-24.4982018477548,469.980190170123,-21.3862144670814,446.685647235969,48.2161827843086,233.263158828502,1.44152819325355,253.518140788328,9.2821337803266,594.224735492686,-11.9587474097615,1221.18763004779,20.0260928076711,654.868825830155,-62.5524952754211,463.543059372081,-44.040433776585
249.658648483777,-12.5759351746452,354.390252025178,44.3139494013274,331.610104936098,-28.1963667770866,1179.69103967696,41.5399469214039,824.760576161927,23.7953309879556,368.539311583111,23.8607918846787,267.45764258436,-24.72422418138,466.816881533474,-21.2724626668245,453.993906771468,48.6919282175194,232.821586823029,1.48541978765246,254.212513888349,8.84234683740147,599.998897955305,-13.6131545902325,1226.46676344593,7.52660795983091,654.330105413249,-62.2479354787032,463.157499989753,-43.2310502608383
251.606244837455,-12.9753961712358,354.927135222042,44.1171848313177,331.359808033383,-27.3148271548769,1192.63338625196,40.3936574472195,829.068593966879,22.0669993980815,370.669824761407,23.9128909369765,268.299951852415,-24.9480492360048,469.857371750448,-22.005514923357,451.625401671455,50.1665600625179,235.110286871218,1.17951079556424,255.643276561253,8.60591545246653,589.084345524927,0.159274236973038,1227.45893407756,14.4459438428717,657.389631907376,-63.067615419282,464.109086535793,-43.8869210217843
254.846916967497,-13.6181032194492,355.534444499337,44.1202317017847,332.270104547817,-26.4728547724782,1212.79818125617,36.9733447753619,834.702084526206,21.4820599275665,374.961153325104,23.1783561962656,267.732829485683,-23.8995291630017,473.738692649662,-23.9325371187361,447.032155910782,50.5808994905364,237.306897488142,1.05838831884521,258.797186510705,8.035232878181,594.173236897721,-6.599312086729,1241.90146158719,11.240721986808,659.942055949603,-63.0055226814332,464.712911663557,-43.520438063497
251.143088487273,-13.4287407826087,354.73729082061,43.8384160096585,331.026654253013,-26.9025083074451,1184.26492444843,40.3485769876774,826.554504647013,21.9472514964274,371.315612290578,23.3761515017491,268.229460850082,-25.2040248632824,469.73266898799,-21.1609993285757,453.416616226232,48.8471338973965,233.711785153046,1.43712863017851,254.940269863305,8.81236917786831,608.224711108529,-17.6889289925707,1217.50020647015,26.5832299530187,654.584632450207,-62.4612980052761,463.928503255712,-43.2607619340915
250.662143082121,-13.0182242456389,353.428862992125,44.4132268050784,332.44447821459,-28.0337686245065,1184.81350225932,40.6454112713301,825.459963980196,23.1677426973941,370.403424273584,23.470451481276,266.521396015027,-24.0991920594231,468.992494873759,-21.0297598612671,453.686265077939,50.3098048219777,233.845839881894,1.42608819185041,254.537170440211,8.95981837116495,591.220550975194,-5.30866629806819,1225.92602001577,17.9321563999579,654.598535726747,-63.4985187026738,464.717737762086,-44.096405025296
253.002140455084,-13.0848966128604,354.296924721917,44.0065055112456,331.570678185204,-27.8066160605509,1203.09566986874,38.5167982550998,826.445457666053,25.5988891764828,374.031816782376,23.1478660370329,266.300346938165,-23.2244584322351,472.385994578037,-22.3181616629554,453.410075946285,47.0550289111793,236.14390485961,1.27766439502474,257.572474824283,8.17576910554029,599.21602490072,-9.58094791647115,1236.5515194224,12.3264064272422,657.575147837293,-62.9925376015498,465.017769495057,-43.8621251477575
255.969593613579,-13.5511794869779,355.607282644392,43.4158066696337,333.062979828345,-28.2687380247769,1220.39690311161,36.7719111418886,833.28463017569,22.2981800456304,377.625175919255,22.8748911630123,270.677891632722,-26.226777954089,476.346997149997,-22.2436032859734,449.698478538851,48.2608860909697,239.188322164644,0.683567493163823,260.210363969847,7.74359988054077,613.714739449185,-17.6255919129498,1245.45571598455,9.67789926264616,660.54559041903,-63.1909380638395,465.956691736149,-43.5106013796314
250.389267843325,-12.8598371223269,353.594951302301,43.5034410720501,331.752892951604,-28.3335128223599,1184.44054138565,40.2071993915447,825.855702855109,24.599993211195,371.64984482299,23.4285398328722,265.91030401089,-23.140708043099,471.25032791699,-22.4067682798112,454.891368503586,50.1331786116704,233.906794025281,1.39386763031168,254.459742617442,8.86131300411832,601.73529854527,-12.0166248272866,1229.21269283338,18.2860827948326,652.043694407405,-62.0809925831629,464.722709788029,-43.9271164228834
249.932938569973,-12.6046312530676,352.863022575803,43.915036180395,331.163180617264,-28.5507909177161,1186.21659256872,40.403396928616,823.547718953906,25.1289361674576,371.645491512344,23.3812340858107,268.230319035378,-24.1025205832609,472.054137729499,-22.6111988960012,456.381931521459,50.3339721115126,234.180129034276,1.44056854180897,254.931889290759,8.86839136403933,598.243310858741,-12.2839870422666,1223.06923673008,20.6328498598032,652.572365665796,-62.2261877171785,463.199031777481,-42.973633251238
252.764013414824,-13.1112453291462,352.54525422908,44.0246414939219,332.52418233215,-28.1642947513745,1204.98653059644,38.3381999029709,826.88716408115,24.3418212567401,375.019681089369,23.4360495368341,267.913796815448,-24.1799151766541,476.621266193164,-24.3906201019782,452.977744679546,49.2323540869715,236.930811624051,1.02016922262523,257.791802712286,8.14289156862008,604.517289742564,-14.5951842822103,1243.77870218816,9.37139705425253,656.662961536924,-63.4652807302124,464.750479330207,-43.7721725731212
256.536743395483,-13.8477213479956,354.796443394212,43.2200107447676,333.334568280057,-28.9926098546563,1226.08682217882,35.2547491092093,836.581645920496,20.1970975530562,379.070508659805,22.9080560289004,270.032710947668,-25.3013672949041,478.837811418231,-23.6166108403006,447.075344204584,50.0001047930821,239.395594855447,0.514526208429751,259.8962790222,8.53459934859361,604.629483019851,-11.6423969653632,1261.61187616457,1.60098485040103,658.138448863918,-63.8831917797496,465.155460286527,-43.7441328040777
249.687190044725,-12.50541967103,352.00377541259,43.6088092711475,331.536173083263,-28.1008714336723,1185.04076067089,39.8366920128236,823.763706930476,25.1335450306609,372.259488910706,23.4461762199696,266.508482599712,-23.6055399889782,470.028779274951,-21.1719242622634,457.146797948775,49.8138936827461,234.421523178429,1.10346559205296,255.208276522277,8.60433735628015,605.135190285225,-17.1052036266151,1226.89773300245,18.3635499352876,651.757977237805,-61.9206030363199,463.800211198349,-43.2709372466144
250.493272420359,-12.9128926413093,351.351718762848,43.7261830054344,331.347511024599,-28.0438264011046,1189.67111734285,39.4006466240483,825.183831562516,25.1173401260278,372.767162712801,23.6438966935323,265.237136589406,-22.8517394495457,470.239870381507,-21.0637185287109,455.083033231751,49.4523515957494,235.312219214998,1.22069241080063,255.30234636535,9.00664520011348,604.241610143783,-17.2873667834818,1235.37431660935,15.5905814995409,650.551244386298,-61.5813586097391,463.154117675786,-43.2733668773159
253.18549412812,-13.6024244378387,353.461956092966,42.9497195507222,330.012852881312,-27.1791886095878,1207.81889407904,38.0932855026171,831.32193032272,23.0587675372761,376.218045374585,23.2258759626206,265.961520722147,-23.5655921439821,472.359314089449,-20.5673885611227,452.465633216262,49.3505496092582,237.888302773956,0.806631422446967,257.988715726862,8.53166017871328,606.255298806058,-15.5808582621837,1246.19209055435,10.1537802336484,655.035792825247,-62.6346297081751,464.077900158669,-43.2127134592206
256.212727258958,-13.9764042470766,354.687212419549,42.8526313982876,333.250744548529,-28.3851642253722,1207.304129264,37.2936983041155,833.242681847438,23.326665359063,378.048694290546,22.7454400646134,269.430002680052,-25.0754153032844,474.348272856824,-20.5672500297081,449.889965077247,46.4737001276159,235.753231558595,1.0905513247894,256.05062539897,8.85601331485555,596.463808892412,-8.89660145718938,1238.56969919689,22.5842705838066,652.242453041041,-62.5000292945224,464.102739073236,-43.3427779743593
250.869346776687,-12.8791459336106,351.35135854921,43.7237028206994,330.123838554667,-28.5117371486059,1191.44466279401,39.4044487270422,832.178654998922,21.1195316812436,374.915638609512,22.8992220137456,265.524003517773,-23.20284953917,473.086372330251,-21.1571810564595,452.058623951185,50.6519491922665,235.592381045766,1.31351951685207,255.775273108882,8.71096918766341,598.726923340299,-8.9832884346599,1242.33544394052,14.8317090938044,651.60145392097,-62.5688299690556,463.334192492374,-43.3104224847874
252.40637525649,-13.327363566449,351.23804338596,44.3756871041519,330.205321855496,-26.9347573920194,1198.84257259129,38.0819965728485,828.988501856337,23.7134866281822,375.578184862803,23.327711730379,268.713607175566,-25.2860968793374,473.905540208703,-21.7892618053553,455.328259621349,46.5888031673236,237.446167428418,0.605183485344958,257.63554215908,8.22249176369246,604.111264804428,-16.9208572298238,1238.24961011236,19.3228088508282,653.707043600786,-62.9467621389708,463.498045871508,-43.5315682370392
255.329185235134,-13.9384496045507,353.054547081473,43.3880995666036,331.136489939472,-28.0536346288591,1218.8208150378,35.4309906834436,834.247422318426,22.644661928828,379.567563252167,23.0118036453328,269.319170481938,-25.3434534085861,479.177179405439,-23.3937599712716,449.011071158731,48.1482937691082,240.181562852903,0.216561062999919,259.877216616288,8.1261022517237,603.132577363024,-10.5367006151484,1245.26946276192,17.5482557059581,658.301046312911,-64.3686783084847,465.361834967007,-43.7576692752513
250.690705446983,-13.1689479170405,352.106960419218,43.0545817885083,329.826412153142,-28.0006302878342,1187.25846187565,37.9391319595466,833.075358713899,20.8964962960665,376.452839873713,22.7950326751749,269.897087759478,-25.9307907677799,472.987782462391,-20.081825178119,452.495683534845,48.1121138182278,235.118088063902,1.22713914079721,255.803582523369,8.70798821239768,612.881622722027,-17.2717493586068,1239.26816690507,17.7807778964137,650.369888745712,-62.1580131706498,463.566493605918,-43.4428807335968
249.998263800679,-12.9838833561313,350.943152343897,43.3225785964194,329.294799434784,-28.1342222409794,1186.19399301648,38.5609240731377,830.43559099715,21.8475687157564,374.536828128871,23.155719326414,266.041194725781,-24.0967677189943,470.787419161134,-20.6000138637006,454.783434943443,48.7800079539828,235.322672247304,1.26471136583014,255.105439244648,9.0977156050175,607.958903995288,-18.277617630894,1244.80273559402,12.2048766954758,649.594731986819,-61.9923682543261,463.678026566081,-43.6173067994012
252.671021585668,-13.6053127890043,351.860745180048,43.2488972157444,327.959590830076,-27.3908083203132,1202.79026793308,37.1710122251635,837.886020813736,18.8886954707829,376.524532043831,23.575501814547,269.087165250721,-25.9979566928198,476.000365456619,-22.1400866484021,450.879728802262,48.1161880956078,238.507653070543,0.490068268936664,258.20831423506,8.24143074548659,608.769355767431,-14.6181925606077,1252.45130079007,11.3248051435319,652.579452221742,-62.6140583083559,464.137645758804,-43.5178666395238
255.682361720691,-13.9325198681021,352.462219411505,43.0397797577954,330.451784525634,-27.4916075140244,1223.49677973862,33.9031856273753,840.201284529234,20.2184948844769,380.870404320328,22.6335381206727,268.12058817499,-24.308741107806,478.102175620082,-22.3270719265837,442.906033599069,51.0025311823354,241.338954238088,-0.0787045069025448,260.964240927323,7.84500626719808,603.563456678577,-14.7670709427078,1249.93685874925,16.5118151453732,658.418772138272,-63.989273353621,464.998926180352,-43.8602354682277
250.469808981133,-13.5278844054165,351.339986215651,42.684745142243,326.904885249178,-26.9979013733282,1186.13906429131,38.5168369538932,828.485383399204,21.8322294400601,375.934713044337,23.4752732226423,267.423216492726,-24.0204887626377,474.33477585269,-22.2802177160789,454.540121745217,47.744629007691,235.594310863039,1.10926444405905,255.859642169907,8.86160884004211,598.234631154182,-8.54591638312302,1258.07817877815,7.87213217945046,648.984389953882,-61.6015023264951,463.283127231035,-43.760297237048
250.336495799909,-13.2505244984536,350.3042850338,42.9593899147187,327.372569082208,-26.6626137545386,1189.25883078961,38.1570320364867,831.125207155758,22.4200869209009,376.102741721188,23.1923767049492,267.266620662394,-24.9681313440798,473.500025472011,-20.9150173689908,452.46333116402,50.4618485324922,237.088662466818,0.455163737323323,256.243208060956,9.09614618973081,606.239163173637,-14.3761899657168,1238.11195448047,16.5901344669708,651.171218712737,-62.5620750649947,463.607573420114,-43.9313181703388
253.450425047061,-13.7305438626147,352.085608906262,42.843326966901,329.002304472526,-27.38560091502,1211.65980136635,34.4663520623408,833.084233871357,22.6633873355887,379.218548105685,22.7833293903707,269.1485581026,-24.6258116532907,476.051320520237,-21.4612600128716,451.592720989475,47.2233487782762,239.926666330701,0.213930789106888,259.323027020396,8.50783704861797,608.896754359883,-12.7268893711397,1235.49258746538,26.4946094585168,655.542854822996,-63.2230985860238,464.890101776802,-44.4647830476677
256.412651761557,-13.9974044880791,353.308376170562,42.6752721326138,330.48228498105,-27.2675845175365,1230.11785544902,32.0271795191529,840.758265685847,20.841435446077,382.90709591743,22.4926368831673,269.259795594673,-24.9461309731661,480.137904236178,-22.385467727976,444.560702677198,47.9070794865303,241.015897447611,0.18506707791775,261.271914792963,8.09625571946486,611.217284568266,-18.6705183287426,1262.70094626789,5.74941013048902,656.975010483986,-63.6290705906896,465.087639182651,-43.9349018905805
250.981846324564,-13.3391248760144,351.510367107937,42.8025212891089,327.781084984405,-27.3964979506255,1195.9558650218,36.595379005996,831.393555397047,23.7179735067787,378.066351545059,22.999699689044,268.115568496779,-25.2984195586405,476.058200605984,-22.4055297704833,456.191091736113,47.1360351068764,238.2258080692,0.228897760710714,256.991338482142,8.95348451261505,601.836539202967,-11.1610334938073,1261.84702997015,6.86102253905996,653.283467178345,-63.4381945509323,463.877924656402,-43.6438774824591
252.257380689391,-13.701749788661,351.401639230567,43.104324152408,328.700204516924,-27.1878353312055,1203.34128291273,34.9653755680617,838.633553882181,21.0353251684456,378.571961696584,22.6395392131109,267.741093208908,-24.2596312700364,477.330977830376,-22.9382833026723,452.492587682691,48.7265193798182,239.468417318178,-0.0400847029277294,257.93423963634,8.62786739178845,602.474055597054,-10.6042677351425,1239.79823511349,18.8611881490096,653.959582057691,-63.0744076484102,464.363480967537,-43.5798626065711
255.518237358385,-14.2562126999181,352.692724246071,42.6803446609952,331.573284258356,-29.1864049455594,1223.54597413219,33.0662427616146,836.36041516097,22.6216131875019,382.087893091667,22.3414631471836,269.02706453231,-25.380027830592,479.117928334182,-22.7072452270377,448.257189048228,48.4025076391643,241.968951423621,-0.189157048946175,260.986262670216,8.1075669317653,613.671659657338,-21.2270393712252,1265.8137360346,11.744626824796,659.442657173871,-64.4922945769053,465.143178129403,-43.6183436253075
255.285470576365,-14.4458194543847,352.98570349304,42.5585566238572,331.101550022626,-28.3511262213747,1202.19016876377,35.8744277555513,835.802682875482,21.7871949936106,381.151478360041,22.6637304488605,265.760389670477,-22.6931175855807,480.629947418406,-22.0060263351627,447.031924449237,48.3311853354369,237.891057327661,0.322434830962579,257.246362732262,8.79894096826635,599.003257119501,-10.9185499237245,1265.24166967937,5.98890769889701,654.257713140332,-63.3700380448528,464.676357543589,-43.8820596663878
251.469901751863,-13.4863332933308,350.620635741732,42.929357383593,330.336572169775,-28.4497407170294,1197.51788340311,36.0159344901988,832.225266375401,21.9084879053475,377.864291966087,22.7414098311639,269.346249973264,-25.2931693510762,474.816785958781,-20.2789625001373,455.160073540898,47.6236796707184,237.680919878451,0.244869354311202,256.810307287777,8.97359792875979,609.184654948789,-14.8349903056857,1257.49673459656,11.9104495834553,652.180562219365,-62.5667746020144,463.83342446542,-43.7585418722417
252.227059512814,-13.6514547568118,350.983954178831,43.2710484874476,329.649642959118,-28.0065623846357,1208.59681075719,34.6019628968501,833.95715046872,21.6559360934229,380.12192841415,22.3359835263307,267.555392824293,-24.8200443179269,474.803054594126,-20.6895519119151,454.848261280549,47.6437711862349,239.845581586175,0.0174373315561246,259.583019829145,8.03312616089226,605.718552201413,-12.4206502376073,1243.70137633621,21.2406775197257,656.244626511948,-64.12342368917,463.433156555915,-43.0926067804264
255.724935775239,-14.4779557800386,352.526425883779,42.3829212066636,331.058026271305,-28.5806719962353,1228.27136160932,32.240665795598,840.95829322725,19.6539133749632,383.120918035259,22.1608255183098,270.089534836133,-25.8462014059087,480.841291456388,-22.4240266004098,450.587091610138,46.4621471480697,242.193988110058,-0.344675118157812,261.303317563817,8.03434125840462,606.316715059487,-11.1141780946139,1269.42289681873,2.18647883877445,660.214496835366,-64.5879447275833,465.630292449453,-44.0959446458759
250.077267697354,-13.3592246991725,350.902068330738,42.1704455522997,326.986566106036,-27.4586349877691,1192.06562651824,36.3712978123967,834.323072526905,20.7111730100512,378.161291936164,22.8374300896475,269.201020692645,-24.9740340859936,476.29734758719,-22.5041502845706,457.058354896922,48.8344156779405,236.839571515357,0.520427586582503,255.96350945913,8.96366263906077,611.105402114687,-15.609461392326,1240.51922742167,18.1474208460008,652.037194290475,-62.6034299954324,462.817480777269,-43.1992197653419
249.171665151082,-13.0032915053508,349.803785897757,41.7676412101857,326.285202440341,-27.4420572789466,1193.85372033818,36.8724922990431,832.705470612908,21.9563026003271,378.022025096227,22.4374645907844,267.298435338073,-23.7503825168501,474.836464030688,-22.3768299094632,460.701588003832,48.8863460377082,237.473769880067,0.426893536740854,256.077566936679,9.01874271917033,606.272671567498,-11.2788297133878,1239.43989169676,8.48523583988031,651.594539526896,-62.6048561240468,462.282699226765,-43.6905780238235
252.521328988345,-13.8813474070864,350.364494511413,42.2841946277884,325.817644539907,-25.3657527832012,1213.30433696661,33.9541831537988,831.72291129178,22.2242394802768,379.806712973363,22.8222050008443,267.661902238908,-24.5028645178379,475.223747821568,-20.3788777057373,453.27750185954,48.5073869280449,239.608443639648,0.178603903465535,258.948707996288,8.32801815103319,596.506361861237,-13.8220815481188,1245.96638650638,15.4552281253026,656.070239050856,-63.5189096980009,462.255479938206,-43.0520580927159
254.975353347409,-14.2254979806706,351.435728293478,41.9565852451936,329.30163291534,-27.5376930196234,1215.02396621125,34.268957428342,840.599294049475,18.4825750439608,380.74891424362,22.713056657784,266.773023929085,-23.6030604867334,479.185073691217,-22.4362341041113,449.587249821355,48.2991467968598,237.572779326185,0.60658126407088,257.064841816364,9.1329785617955,609.605721749681,-20.3064930567323,1244.45295783265,13.7896691978299,652.620963258054,-63.1769582709116,462.021412349724,-43.299507992572
249.795094105584,-13.2117513247603,349.139772895075,42.42916987712,326.623483632894,-27.3440452000328,1195.90144754831,36.988356486288,832.932772992693,19.4790771094415,377.489824221273,22.554748874081,267.251617383956,-24.7647681160769,473.431753535182,-21.6377030503985,461.924522948293,47.6812557782034,237.126187358667,0.175031429386889,256.296560102897,8.82907693999652,595.7862803825,-12.7980980711705,1242.49064909766,13.1637384098617,651.368123907946,-63.1924500401089,461.059343816844,-42.9693845385006
250.451231491706,-13.4690709777664,349.807337918366,42.2476426050328,326.183677621917,-27.0876983376393,1201.76569888109,36.8470845100666,831.973349399076,20.7721685843252,377.895344519275,22.6431606504674,266.125306869527,-24.3938814464199,475.561037633607,-22.9652224678932,459.47231975169,48.4403232020283,238.205364090434,0.233694339928079,257.415188938032,8.50491090008713,602.503492082853,-8.78413700071472,1244.52638936406,8.1626634120327,653.529788386342,-63.4162237721303,460.358432847934,-42.9770371871838
253.001898013468,-13.7033972546311,350.457908750293,42.6294997410092,329.533134749024,-28.9720020778228,1218.96822126452,34.7631662482777,833.179081774822,22.5755499528938,380.59313600975,22.3984307642496,266.756097662708,-24.0413200451428,479.093328799086,-22.795389495297,453.900248024533,47.6269893796733,240.237908491305,0.231653717228683,259.120003758109,8.51107548109303,609.654191063317,-15.7772663252856,1257.83453191007,7.02636471377777,655.202169524399,-63.4957121686526,461.213628728744,-42.8895950115684
248.033121894147,-12.8404405513465,347.86286097749,42.5206333167954,323.96325872315,-25.9939530440222,1186.49884738345,39.0806732414526,830.412582164415,21.6346307314691,374.980625685584,23.4286937728236,265.164453174285,-24.1587396673133,473.585593825576,-21.6069710104875,462.979557922531,47.541497544837,235.946219393813,0.61260832484857,255.045032153286,9.16469331504625,590.076495164077,-9.20647529670856,1241.58858106691,5.84661202792053,649.561406325333,-62.549489674374,458.745139246126,-42.7044581691984
248.019235195747,-12.6566502679456,347.375584787979,43.0157630228249,326.409004417376,-28.5077264529174,1189.8985273083,39.1266087091413,825.490454756105,24.2099570512324,374.895593348675,23.3374251275061,264.401620900935,-24.2302742798903,469.392000425532,-18.6880675419252,460.770767395019,49.3861364637147,235.968726299329,0.923743969008311,254.873226169301,9.52379951933198,594.990852388112,-11.6506289526339,1230.0883447351,16.990037405327,649.661164168101,-62.3462189128816,457.411651428614,-42.3363392037323
251.143925775188,-12.967552165915,347.88821574788,43.2059444311965,325.321097271045,-27.3780582074851,1205.90826330093,37.4060411149725,827.862903854759,22.083497719947,377.721554378901,22.7870821042967,264.097579747413,-23.6179383554241,474.622306181093,-20.9591742574096,454.369172096274,49.4788361091637,238.733412406903,0.0549145814679285,257.995610828422,8.67677832199751,602.659584051309,-12.8877106859602,1219.14667283765,28.565385390908,654.311941592248,-64.1879375797198,457.492605227878,-41.9999768457075
246.887918857546,-12.4988727640947,346.59402863894,43.5111900066155,323.145556048976,-26.9079590124455,1177.56798217398,40.7483453578807,824.504083889331,21.6169500824606,372.9166307984,23.4775087728252,262.40796235347,-22.7331817407623,472.027588056895,-22.4305318047559,458.50018479802,50.0091314469816,234.387928279904,0.938311743062419,253.427362422597,9.32203553576709,602.336876947953,-17.4043158284823,1231.27500891138,12.7906278563028,645.040234231715,-61.4501569545094,455.564833246727,-41.7680069421011
245.306700819876,-12.0297231850847,345.884896335798,43.1880348055959,322.462969050688,-27.4011364762093,1174.30574631175,41.4781740259942,818.904684283405,23.1979221508844,370.752144928664,23.9314582331687,262.759316155694,-23.9574152884443,464.318829168141,-18.2354119116614,461.028408691055,51.27928635119,233.772555370232,1.0988218791524,253.196230681236,9.53985484331479,583.304243074931,-10.8228879366751,1221.9743153394,15.0853683675039,643.286573610234,-61.1225448851634,453.338777418865,-41.4917697175349
248.243975123524,-12.7094918412046,345.597502579956,44.2297092221277,319.833660451386,-25.4631309913878,1187.77377620074,40.6170352207632,818.213942341559,25.101084234138,373.38081115495,23.429043986213,259.162368297975,-21.818861172242,469.523343802946,-19.9583900319784,457.736461220903,49.2951579524445,235.742654890831,0.966799580980721,254.852306224472,9.28583732626951,589.976432826859,-9.24359183356038,1224.86196649314,14.3101051264351,647.432564808196,-61.7905743213312,453.293759532871,-41.5722900481859
251.293556410474,-13.1742473945582,347.001444493258,43.196685089958,322.771220385284,-25.7682177841834,1203.27591382184,39.6277217358968,823.985643399815,23.8326938725097,375.829871244111,23.2823567445904,261.379972597538,-23.1744944415408,471.353131025422,-20.7505040027171,451.717821787608,49.9436909322302,235.907499725008,1.00397546107356,255.309067579351,9.31320134966076,576.407812785747,-2.35018226855423,1217.44354808869,20.1900983653825,645.444098035707,-61.4087849167492,452.70674455985,-41.4223328942861
244.450883758895,-11.810896311024,343.754053451448,43.8873048329135,316.640606787184,-24.9121398512894,1166.36704107796,42.263232500167,811.532290617244,26.5561512567408,368.124601095668,24.1914914609983,259.304909329499,-23.2269742814129,462.362498731793,-17.9074239723191,461.881013039725,49.9527160894913,232.520318432818,1.46425661229909,252.01360588805,9.81892315242785,568.208747677387,-2.39016528423488,1206.23509266178,20.6606611913164,641.686743190004,-60.5137836123738,449.611718927129,-41.5718568906809
245.39979834661,-11.8234768229591,342.948167256617,43.9856598145874,316.49871903892,-25.1368108832134,1173.24839990776,43.6137117743713,809.464518557447,27.8509693717843,368.805322611409,24.1239973445342,257.120382120118,-21.9517115640953,463.198862664821,-19.2155443740493,459.817395296869,50.634459048123,233.338162759017,1.52954009422467,251.946483919743,10.1908101539542,578.932505231374,-8.76771677012738,1195.45364609544,21.9896162712537,642.349092323241,-60.7764475762201,448.043082924783,-40.5949281716508
248.767560059006,-12.5657938117569,343.888965091779,44.3281525714287,318.200790906734,-24.8457086159731,1191.30439051667,41.6020199997187,813.512254797689,26.194396669888,372.387845906557,23.9410251735365,260.302280266607,-23.2214638725697,465.001254268761,-19.1818087037021,449.542616993535,51.2683803470507,235.582543499229,1.34877995346876,254.332848364556,9.4554879205319,581.660604189525,-13.6482724449857,1201.81451028481,25.2984682031642,647.210588054216,-61.999613360938,448.272179205262,-40.3510763508488
249.181904885375,-12.6287814463202,345.011969619194,43.8909983731442,317.500608331969,-24.8430150299158,1178.01768455079,42.5222450205968,817.208993019071,25.9778435928925,370.521744833596,24.2804405305761,260.218569777851,-23.3363045729434,464.172684051552,-18.7465928317092,445.993741315686,51.37068092794,232.919703113711,1.43793340169947,251.730026142779,10.1159903932761,581.482009568623,-14.795341202189,1204.14890155423,20.862139381191,643.113880732083,-60.527837433352,446.069798749542,-39.7385994164464
245.198435843489,-11.8219775248899,344.325459967868,44.1193031619488,317.053873886893,-25.0477944360283,1172.24343497174,44.1747600383668,812.441885507694,25.9492266583166,367.681092804952,24.512485978605,258.916747522773,-22.9081092664671,461.643319049605,-17.7899520263648,453.492105752861,50.4017542239691,232.143363516166,1.71742152325788,251.298913200517,9.85560086741116,568.982461260387,-6.37212452761,1197.9836037197,14.4147283184607,642.803662368065,-60.7125249769452,445.571830848555,-40.4197045934788
247.08953998497,-12.3289505263821,344.286096241294,44.7694672988658,316.193296542522,-24.289071381212,1183.28097528767,42.1461891756555,812.8771458906,25.4859470153826,368.813353158368,24.6065736492823,257.287030396044,-22.2385979060006,463.433978204849,-18.3500574319474,448.717756391358,51.3972312934447,234.359921348344,1.49273438218334,252.504321348477,9.97179608047498,569.342402163554,-4.55745782967335,1185.49439397404,25.0804206300337,645.951698273369,-61.4049354581382,444.860001169528,-39.6318165189185
250.155251960593,-12.7790302421162,346.219596282414,44.4861946738102,319.776312839804,-25.9812383429665,1199.87539587355,40.798780789676,819.812869024105,25.8271822136551,372.556353122851,23.9613719728057,260.030603606681,-23.3970488501502,467.184284073039,-19.5780408735896,443.265878797429,50.8484779140388,236.661763553747,0.994296556548901,254.491495635185,9.42847204690728,564.122535076028,-0.101806554485436,1205.6949450832,22.9868671487049,650.169244294153,-61.6314998610273,446.231756813311,-39.9082843819075
245.534866711701,-11.8245442023679,345.628126875093,44.7505326087904,316.460630532236,-25.2589254642937,1170.28473646946,42.8716985452998,811.181923447358,28.1064099485138,366.306494881961,24.8098686733346,258.096069554598,-22.6262343113959,457.048757517745,-15.819416344026,445.226913753255,52.5251681321468,232.33339844734,1.66695567043119,250.828652690241,9.97461417464912,562.661158138002,-4.20550876363459,1174.27974595682,30.522148504431,645.415652091782,-61.6942812463684,443.814091776803,-39.6291012076802
246.526405586742,-12.3434248355202,345.144685990146,45.2052341254042,316.169797302813,-24.6482906924423,1175.82811529915,42.3156670132757,810.367935054551,28.0882205813658,366.542530308142,25.1256234598458,255.920947404898,-21.1521626367761,458.065049346085,-16.6716610297209,447.282965877738,50.747609188503,232.82442765643,1.87963449950522,251.559818380961,9.70774641316567,569.589425527033,-8.83976743712466,1172.58332631229,30.9041819224944,645.381395064112,-60.6725190366495,442.863802381936,-39.5005727863179
249.78898937328,-12.610626599538,347.401286394509,44.8076316909411,321.187317306392,-27.1304884653537,1194.22254822776,39.9095947667186,817.212305674612,26.4582639971275,370.581982584221,24.4712510245708,258.514645632436,-22.3379261629952,460.901845972476,-17.8781039908139,440.578451604956,49.7876426449247,235.817928473501,1.14150480606477,253.523823629659,9.70479056682007,562.027333558675,-2.23184383224583,1192.75638166659,24.8485566651085,650.471318583533,-61.7034541927081,445.112007587195,-39.8493956020181
251.616827311119,-13.0206269819627,348.960887253112,44.4068187926089,320.242497434207,-25.1479593424034,1185.55028875667,40.9972790876041,817.007045478438,26.8758773364373,370.331770229262,24.5675554305481,258.853637128648,-22.4141061274108,462.103661838092,-17.9739642664642,434.64411238299,51.0531802058134,233.166995078645,1.42032273215721,251.126475525736,10.3676766318643,567.179964451304,-11.7398074607541,1191.85368245986,21.0967842073673,647.428744836388,-61.9425850126421,443.362955746468,-39.145461109963
245.754289703989,-12.1272740449074,346.854909727512,45.3699679229966,318.195328495018,-24.6134677969234,1170.09328180946,42.5403502831294,813.631577080812,25.6850360911094,365.931460783515,24.7077917329857,256.16689375882,-21.0859457942975,457.561068353884,-17.3614695507427,442.028390216024,52.0981530319645,231.918506581053,1.81908383258145,250.417995479412,10.2544578251716,568.227285298666,-5.27306600999139,1143.42296314706,41.4173609995573,646.41657602745,-61.5257417710729,443.057418683317,-39.1591983053673
247.418191380603,-12.1949391202852,347.660494588733,45.1483906296212,318.232890745269,-24.1106002140816,1181.1164372836,41.1150474265256,814.568901023369,28.4636228214184,368.184556178333,24.1849787320272,258.313661965441,-22.3049475216872,456.774432084596,-16.3549507019593,437.816175455649,51.8012101351237,234.040228096746,1.55424738536083,251.55308352881,10.2154246165899,562.322042614927,-7.69650461224317,1183.35738523171,21.406245371768,649.16495819729,-61.4217525782679,444.58744994781,-39.9351009596265
251.257448030606,-13.0700459270497,349.430750157591,44.5933354368745,320.001655433079,-24.3975678444298,1201.49169758251,38.4478036517206,820.485364366087,27.0392432008264,372.62719405635,23.7333877600222,258.625855577811,-22.0393820768546,463.104744071533,-18.7612304073094,434.434879001306,51.0537790749854,238.039697486538,0.557574772778338,254.666407101382,10.106830901876,565.882018275784,0.829557639886349,1190.55470089054,25.7207063991549,654.26410510788,-63.2336155458298,445.868867776005,-39.5647674465018
