723.965568463598,-87.1097564589151,337.472748716826,-26.5670163061077,247.477534087825,9.27970892521075,1303.91955267547,-170.290297833287,269.30212972932,-25.8748125848916,385.836169685796,51.4999235659882,1028.86985120148,-7.51099791268777,832.622671867889,-89.1733302097805,841.623247597376,214.960297447847,1014.44527147314,-212.24635851763,292.459953285169,-66.1850730688965,412.005765035751,77.4978454017986,282.610960529111,-10.6163756983691,444.71258051325,-2.5465736365228,1909.20730340422,105.160828268767
728.150768307358,-87.4399893178431,348.327380744723,-32.6804616348483,247.699635516557,9.66272598905998,1306.04182437487,-169.523428861009,281.428609800461,-30.2593026129518,391.920794786524,50.6914794751446,1043.39341308977,-11.1109420447924,854.214922126207,-98.6083783505473,847.647017592684,213.508693950549,1021.61321314082,-212.922442441091,293.226846333387,-66.6981498781512,426.469643877968,70.2469010844087,293.860670573074,-19.7236435011914,447.154871451301,-3.1892773924197,1928.94017381443,102.82707494686
738.113145418351,-91.0052828746164,346.721109543473,-32.9442621133886,250.814055202796,8.88278503340109,1304.57975828891,-169.745903733977,288.129053199579,-35.9774809393628,384.230423605097,51.438411085663,1041.22557747387,-11.9213554979862,847.17974490046,-91.313756008924,850.811558329752,211.779220716387,1012.04572081633,-214.038851833308,292.09032452832,-62.5343044832828,402.808274826395,83.3293371493653,283.193914614361,-12.0693515708234,444.884506386151,-3.06742100092394,1912.69100821825,106.442337012176
724.261047757727,-87.730184961404,333.00313064507,-29.4210874171235,245.763558569362,9.85367064058423,1297.9447475065,-166.571835332609,292.586720765809,-42.9261699437096,382.943740168308,51.1113408575028,1042.01264188396,-12.9138249656617,844.68041043458,-91.376800116492,845.321090696788,210.875325517269,1019.71564902317,-213.375123736822,304.964215865187,-70.4512676418179,421.112819681556,71.9619380103435,287.263452985316,-14.3330575979574,445.610248544386,-3.11998869263115,1914.50645141403,105.867057478516
733.17919125934,-89.9664782243841,349.505641753312,-41.3792346735362,248.747889076677,9.44802212125744,1308.27034161442,-172.127112754136,284.724185164884,-27.4008273170775,395.527591397348,49.8843849245416,1059.85979417668,-15.0174398442306,854.96584814454,-93.8127913469984,849.912896208103,212.355124185691,1031.85403013666,-219.519558662156,307.886093352263,-71.0833260044932,413.825754835491,85.6672765266559,290.113255731484,-14.2614100322085,448.230080457596,-2.55293413903884,1937.56053101048,103.776385387817
722.286729203972,-87.4243784954625,328.529938211557,-24.2308687640825,245.709802832186,10.2885746998848,1293.31377418958,-166.479250286902,272.534525683311,-29.9744414270367,380.182863333159,53.0718499501791,1034.98216510497,-3.98773298081342,838.91919635449,-90.9085539299381,844.533645866869,213.829725884116,1017.79999635003,-216.102294906476,291.471001123166,-68.2831702242397,413.843161767208,83.5660671396408,292.225128655746,-19.3048292108766,444.18515783435,-2.05456175289098,1909.28186385854,107.864545364381
719.897564472668,-87.1568897924745,340.753499811282,-34.5243681859168,247.022498623353,9.2546617619375,1298.5793089134,-170.023977655082,283.435471517437,-31.4164557119039,383.263841145743,52.2422151698051,1038.93603678273,-10.8278766207638,829.827255063761,-87.7432800366155,842.377708021791,212.465427933609,1016.77895708146,-210.560502965897,295.311911306341,-66.3360282034457,422.260593532976,73.0701277659489,287.033598903551,-13.0209218230521,446.159787364564,-3.1409274333213,1923.28077383499,103.747438620462
730.116688543399,-88.3129012931869,348.378647953206,-33.5897427660673,248.138220921231,9.80008554649087,1307.61739264049,-171.500654335768,285.684620715093,-35.1944107611436,396.598877525755,50.3809124649952,1055.37023875395,-15.7679214810722,860.857874622676,-99.0843799874645,855.198025383892,211.310234529875,1044.92178640147,-227.796033868187,308.31315788842,-71.9310885049725,430.86181149796,71.1731049503142,293.292960551535,-13.1152569840258,450.06209712637,-3.58805623452564,1939.23350187644,108.716742371341
718.028518007737,-87.2797963248254,346.196798544872,-36.8731507125371,247.851081585448,8.79163679751369,1288.66033597939,-166.732159088259,279.437029537709,-33.2953626760955,382.691627933505,50.7355193433764,1031.25199228101,-3.09308444144203,843.425024082263,-93.7425870893406,842.857235823749,213.585349845981,1011.65794667284,-212.722809434926,302.166894476354,-69.9110084227314,425.39546029326,68.9881865075883,286.067748238851,-15.4735687130228,445.459897313128,-2.35389852851995,1909.69284905393,107.145121303535
723.058299469756,-87.3954382672146,344.881869147524,-34.1170577745698,248.064729903303,8.21087435539069,1291.18330346022,-166.869525265825,292.12304651614,-38.4422994028289,388.601939870046,51.0643902413569,1043.65624853785,-6.7983220036576,844.616304091214,-92.6031921785083,848.101100771256,211.704461061828,1027.51097253003,-221.212944432148,306.492833289982,-72.9398225275787,423.235193101859,70.9294327945039,288.024445892355,-15.5900438165169,447.90223695417,-3.06436936562711,1918.46085032486,109.105960714086
733.78165634529,-90.4974151604991,352.90153002007,-37.7792329356537,249.890967514543,8.64991096853794,1301.73633275837,-168.332995181515,285.407121788905,-37.4113470757871,397.327443668186,50.2802436475905,1079.39923026152,-17.2905719006295,859.453462500749,-94.8844690238753,858.266092085985,211.14912012153,1026.92052819011,-219.933661768452,303.961533338877,-75.4341321645021,422.886384980882,72.2512007401565,293.571688764871,-17.3271043898618,446.800377613406,-3.05624245429948,1915.72004158714,108.569627065712
719.226493359591,-86.4566011405757,346.07758689536,-35.8847449813951,248.440143651327,8.83953746890831,1285.51955063558,-164.307516338427,283.943768290394,-36.18965296037,385.156271671825,50.6244811736073,1041.75562035444,-13.4684470919086,844.61304252298,-89.4992326741181,846.729398937675,211.756748262956,1018.66482737894,-216.132567471228,298.606777565595,-69.8244543701152,421.365454836105,74.3068391337962,292.590160427844,-15.9126781017037,446.199971009505,-2.94025480755756,1907.39253026241,112.350740592741
727.032573389577,-89.3935852734144,338.300209722809,-28.6225567532456,250.863876925352,7.60631186929881,1296.04496277291,-169.99315246265,294.493706042892,-40.8620505186344,394.122614994284,50.4189589377862,1040.01179012879,-7.7810904749241,854.789317562855,-94.0234845451541,852.414012708196,212.491480773743,1037.63156004014,-220.954968343322,297.225601950763,-66.3292221496414,433.830334223375,69.9007691310631,292.703709556848,-19.7058127267042,449.833953922899,-3.19146433032329,1938.34138993188,101.553586198417
722.078157146119,-87.2473619853639,343.939348941208,-36.1607959320606,248.094675306265,9.23428707788867,1288.0624923639,-166.74268259438,268.430311966986,-25.1340118045666,382.696965343776,51.2258405381231,1041.07479904712,-8.99334364588931,852.231486367751,-95.5365354305955,847.295720983428,212.963526089177,1021.18718607923,-221.470159041999,305.716176404402,-71.7652817217165,420.772506703146,75.8398568413042,290.416814328116,-16.2101795008141,447.258495760469,-3.21164723839995,1915.53396793996,105.683575190124
721.208805294732,-87.8214094042368,338.771649187326,-31.5117447061187,248.130250252011,8.48534704597705,1292.32012840259,-170.235045363846,282.024409606696,-32.664828091711,387.012397397451,50.3615468191105,1048.78445473098,-10.9874073718585,844.908675207496,-92.0199374039192,847.388724942504,213.671141863722,1036.12722420192,-222.151931069092,298.988055738027,-66.6329563214541,418.344694647009,81.4343232227521,290.996608296385,-14.0579578454938,447.308767537517,-2.76646307320369,1925.16242434773,107.209923820107
731.320743336655,-89.7889101538207,352.787565264128,-35.2507926787193,250.896175228125,8.49346717370769,1301.66429855078,-170.158548539698,289.976772886542,-34.3284014401656,400.798927998208,50.3947843788646,1074.68788434863,-23.0686827469272,874.475148552664,-103.816666215519,863.648360680809,209.525920829447,1038.00296852382,-225.965480699027,301.914049387915,-66.0730184165417,441.345761141232,70.0054490384274,286.380752283476,-13.1820416112782,448.723696597506,-3.22264164802553,1932.82254425604,104.526498717722
716.88602744046,-88.081492732587,350.440230743041,-40.1372038828271,247.217662137628,9.1360162847314,1287.48065652779,-167.215932917545,289.557717408269,-34.3364560799037,384.925059706006,50.2061852750327,1034.60684262996,-6.01658200446466,848.131851561059,-97.0506949521636,845.405077785704,212.341423957629,1027.45007998288,-224.166668181784,301.753733817413,-73.0586035065275,428.932518088223,74.2420130932953,291.764255389976,-12.1380551350866,445.852432082044,-2.65057433789025,1924.72628700625,103.595289653689
721.799539382611,-87.7388694797667,340.285334630187,-34.2446175772618,249.469951094188,8.32848247596813,1289.62409487643,-167.224233701813,283.645604221337,-35.6569736964115,390.787629950371,50.5938178319293,1054.65835034612,-13.0687454290176,862.674376505475,-99.0835651533797,850.306645598901,212.722809118165,1033.09806265662,-223.103740689791,312.369387270894,-71.6723284753579,423.080571017753,76.3768305437294,295.814779349661,-15.528050980492,449.375628329333,-3.40333478732953,1943.11114087402,102.594277915836
720.471177063219,-87.3058730363916,353.79815736025,-36.1234143865282,249.74935596144,8.15987577881906,1284.41591584801,-164.783714397856,275.541686461767,-26.4504496709131,380.735392521759,51.9785369860154,1050.14819200652,-20.023202311203,838.031703650994,-91.1434035435229,847.093417546468,212.346140079084,1013.25475066485,-212.750049172224,304.83811455766,-73.2337468258486,413.64474111143,82.1416662953769,279.283225133159,-5.72023136659127,445.662552310543,-2.57165919219387,1917.24001013613,104.586275649982
716.193317705901,-86.3719621988087,337.717384577257,-32.6607585995841,245.652841654696,9.60600611988536,1288.42013936817,-167.524207077641,286.571761964389,-33.9128770391459,383.467505771066,50.9289696937319,1051.37090204044,-22.0759909215442,846.690383082269,-94.2675326446716,845.526446497865,211.553450245627,1013.93377443411,-213.884718286577,297.905508852298,-70.1174203427478,418.754648421314,76.4758964353308,220.775421354815,-42.2611202542568,445.28217161621,-2.32243660717928,1916.83991532211,109.692801484799
724.706631495536,-88.5828784785885,347.097479398743,-32.1680284145069,250.444273459716,8.73581159635515,1293.18938662089,-168.236123763383,285.944766307372,-32.4144579571624,393.142517552218,51.5018448221037,1055.26293195604,-10.1031499930112,866.066044705161,-98.5035708695581,852.522699569214,213.152211356621,1033.7185480133,-220.974092909583,297.137177561757,-67.8649091712173,420.936131184712,82.2845121778853,296.521825420013,-16.7317807491793,449.127599916302,-3.01209871924742,1949.98405962139,99.6176949251317
712.891133901663,-84.5370129903859,341.34030579155,-35.3033841055514,245.99999519185,9.75100857933682,1285.4227031209,-167.9919874012,293.317653553267,-39.0666751114039,381.754116268547,50.63916276886,1040.53884219557,-13.8056251883213,838.87442190072,-90.7336314670917,846.784895025642,210.520942707039,1008.51101779968,-211.79866391916,292.639136791154,-68.8088199460317,410.967970792566,81.1060379695105,278.962273208985,-8.61316202834919,445.117264143684,-3.05493234443603,1915.65134429657,107.145382753576
719.203380912167,-88.4537030848422,332.0100006401,-29.3180990262,248.279466262448,8.21778360880762,1286.47672185628,-166.873477887882,299.355992948016,-40.7422722170309,384.763780688817,51.3023850408959,1039.6552910077,-10.3404783608441,847.060850540877,-92.5920452097478,847.258134675637,210.523451500636,1016.7997561665,-211.472074681751,295.68418011668,-71.8034605470126,417.242262920596,80.3633870683885,281.404278098911,-9.29935885827455,446.812514282067,-2.88533283722823,1923.64331071046,106.440806302954
729.341984726192,-89.1666482623331,333.563635242799,-24.1779771139019,250.919944926287,8.30696878267322,1299.5454197264,-170.748682260869,286.136854347883,-32.8834747247102,398.054449359814,49.8758895772799,1077.89594935772,-22.4638537469515,864.074430802363,-91.6557627502142,858.750788682654,210.758988392284,1026.76616572648,-215.613320529438,306.355453323528,-74.3555573340814,431.889655691325,73.4097812396744,291.146843712558,-12.477694523906,446.696485851469,-2.7854422478588,1932.078023522,103.543944036539
718.234296494897,-86.8806611969366,340.647404020332,-30.4544496121129,246.183951059282,9.28740390336732,1286.75080717186,-167.10166756774,285.923085279006,-36.2562742569117,383.645578957051,50.6560640926894,1048.97347463822,-11.8531703621848,841.965764340978,-89.9291252840985,844.899149140971,212.091450705622,1015.75730397157,-222.609741524764,297.545239119613,-67.4086810611624,415.630543915263,79.876598096682,287.248391321451,-10.8662711909037,445.17544288788,-2.53334936516623,1910.49233426258,108.82479004092
724.927061412045,-89.5624453335358,338.539079695266,-33.7250805060331,246.68829009709,9.6990649250495,1293.41361151316,-168.299522008113,288.554603807885,-32.1797070472105,391.599191616006,49.2987847349382,1038.11084650532,-3.31557363937747,846.314803518158,-88.8874383116595,853.550395971188,210.18845379259,1026.25153029667,-219.753793991113,303.512536317751,-70.4485242490701,431.279101295865,71.7683366426663,289.571492325917,-15.1565854242997,448.53691994501,-3.88976439609929,1932.93549546601,105.372601007135
732.22282186294,-90.4854795061443,347.701254197536,-36.0770241012847,250.256092522056,8.64552928245681,1292.62741889067,-169.301010218885,287.424932086111,-35.9542736565288,384.848275527282,51.6557351706184,1049.83353044596,-14.2880503325894,850.072596031893,-92.9958873720133,854.870446072036,210.441003400727,1019.80661397921,-219.555781770627,293.917349853836,-65.1254146042419,421.985920678387,74.627358793641,290.889979326895,-11.0213545638617,445.737226258604,-2.81827399917066,1918.05709579658,105.563168172839
725.001689452508,-89.2471131649875,336.113792872792,-27.3544153679701,248.539528128064,8.78832475526557,1289.48006729811,-166.119918948651,285.756610523394,-34.4202681629794,385.781792518919,51.8018754978026,1045.83966584018,-10.4426675490741,846.798598990184,-93.2236260911224,851.121047473743,212.458548528226,1019.21397205257,-217.013092222711,299.500866020817,-65.9323745917152,425.809806143876,81.4783331818756,295.516542546095,-17.3405727491559,446.123534018108,-2.70065182552179,1928.61029374821,102.762276917417
731.533576847648,-89.8343060803058,335.835477585517,-27.9733225156665,250.254286296692,8.10930672621698,1304.72940434619,-172.234526279466,295.089323453278,-36.1021561340694,398.830329574892,48.091205993358,1065.37906130198,-16.0485999806323,852.011120529111,-93.2585271569953,857.88697473888,210.375163283518,1031.32794446932,-216.300610174786,304.540320090431,-73.624000098234,423.860540777764,74.7298244237034,297.73578024309,-14.6194249026321,448.635325917385,-2.77862078076121,1954.59002002214,103.046234396741
721.562671373501,-88.17962636378,339.457974870847,-31.9337812426529,248.244048690785,9.29570879722841,1293.12812546892,-168.684338532927,284.023459306314,-34.8989032436081,386.213149409908,49.2833537514499,1052.02241038871,-19.3570842576371,846.214106414317,-88.8256581108455,850.150308426172,210.413745339057,1020.39850461572,-219.418288167157,292.391228050636,-68.3228540434089,432.312887109715,69.2505692024462,281.724151394234,-12.5859197163639,446.172635691621,-3.07098119026319,1926.28861424304,106.098468285868
725.146911953467,-88.3230654769523,340.049130822333,-25.6591893888143,248.899580640805,8.26405263070978,1296.84510660117,-169.065648433931,293.664024026422,-35.6630740811793,391.804811043526,49.3777082513763,1053.80644551769,-14.9862885984288,848.154253599261,-86.379141378897,853.265794205064,210.500054979885,1012.01348342104,-210.73217016171,301.303384467458,-70.80453160061,423.56806267151,73.9632743256497,285.919916055071,-15.251973746122,447.655368237202,-3.02086140088867,1938.55079686447,107.524854454175
739.235835290474,-91.9169000644237,342.046069769987,-26.5971353921912,253.652156374391,6.92474127636918,1307.14088260037,-172.74533559891,284.17279280422,-33.2990907103875,392.122537967583,51.0978552901502,1068.01675333122,-15.8796425455701,861.401629554046,-101.178922835244,859.051313326,211.950906523282,1016.39895566161,-214.452184063798,297.378889665904,-68.0581692997535,428.077688799423,69.2982988558103,292.63775360495,-13.2097101950861,445.391648508378,-2.74521484549688,1922.01656632369,110.358908284079
722.49501286299,-87.2291816328955,328.678415229773,-30.0466921512059,247.390807157543,9.05664183827485,1293.56016206466,-169.18743952311,288.159856960282,-34.5039699981376,384.461779778441,50.311435516435,1059.07183753918,-22.7906524421421,839.645533377659,-91.9992075245505,846.497845772506,211.255829371583,1017.14585950576,-215.204021217783,301.145020705874,-67.6788037031414,431.922410885117,65.1325325161079,287.156230928566,-9.27376646053709,443.69590822343,-1.87759147801135,1924.06866309415,104.367191284724
728.639931513731,-89.2168174437567,334.667333691394,-25.1183133483011,250.397364313784,7.73557337928069,1300.37593262729,-170.032229264087,286.637763305914,-33.2483251038711,394.067908592611,50.4881887272021,1055.53172076662,-16.8169476316656,853.578250165318,-93.1818840746276,855.310711968317,211.246477305731,1030.22424001316,-218.240312746784,293.114343586697,-66.0247325111105,429.051937283495,74.5436168258122,300.101803973516,-18.051440007909,448.306947415106,-3.41408005213067,1944.7707779913,106.910151006438
718.265779619927,-86.1255821359898,330.941222059655,-24.3926963996604,246.320160738136,10.1465170417706,1288.47970611593,-167.477873717939,285.37362752494,-34.8358475917556,382.261151899746,50.9637218515632,1048.89215801406,-16.5269236942234,838.828994317509,-87.654550665534,848.860967429928,209.51616338839,1017.00265566576,-218.052429304144,303.082973281595,-76.024049099616,421.33354357984,74.7612634119065,282.773670631004,-11.623858867292,443.562325944302,-2.43331040865414,1924.63651868509,102.097900953306
720.337258128659,-87.0172590809784,334.69662162783,-29.9766864106526,246.803309975384,9.23765911184547,1289.68574684773,-168.095688408037,288.245726966003,-38.98660607019,385.661504371142,50.2195117711021,1047.4601592656,-10.2149315644622,845.576363201544,-95.9466457545643,847.155109041853,210.131906730919,1026.37643225967,-224.696412391466,292.990050076531,-66.1071400634548,417.574496086536,81.7180723395924,280.308413073396,-8.58745701853305,444.035592812089,-2.08478479303838,1928.5003498778,101.690383201683
732.208801115379,-89.31428272529,349.439858847886,-34.0081140853281,250.33366852124,7.94638778463933,1298.4386741545,-168.453635783363,300.045016338397,-40.1916712209215,398.631745904433,49.4298573341584,1060.75360625339,-11.7660106307365,852.153053852012,-92.970002392377,858.879873784542,210.34975891543,1038.12208606566,-226.827864195574,303.328382982985,-71.7301233926242,428.610137423085,73.0277586217178,299.257050379086,-17.6723057277667,447.637464217332,-3.37908655733573,1947.59253647791,102.966856788237
717.266857167541,-85.5425693006044,339.23410059922,-34.6935566182516,248.880143902125,8.24196235043733,1289.51532124887,-167.118027108463,279.698564819418,-34.0493098952658,382.660206989185,49.7765198420205,1051.98329674431,-14.6782816951931,845.852223104843,-92.4231221191793,845.604344731466,210.409031569462,1014.48346556708,-215.613492021617,294.578975150697,-64.7607752401806,421.533152425567,73.3146375143302,280.46315996962,-15.0723189613955,443.064131586284,-2.05788368388371,1923.43808836056,103.323649043918
721.316108106022,-86.4855172055419,344.028347617432,-33.6149683248603,246.38801252712,10.0685015741585,1301.84978272246,-170.580862698614,293.771120038685,-37.4581456813213,388.057466628496,50.2625940045529,1053.4313968035,-16.0994341596629,847.623926229306,-95.5826252170581,850.659645404055,211.524089406982,1019.5829895896,-215.548059364988,297.9995142237,-67.6615495012219,408.467472644752,86.1601659052354,288.830508147221,-15.7187807213192,444.934940912935,-2.3814005712587,1934.36248784543,106.02816066048
733.815071891857,-89.1731178132068,338.925142332719,-30.2198072783569,252.041434368765,8.7863421126166,1306.11228261365,-170.401876930941,294.475564295918,-40.6374474196149,396.618001674065,50.0287897925795,1067.80286425806,-18.7505339096772,868.036241531963,-100.45306112875,860.465932074352,210.429959705853,1023.09623121909,-215.473734285092,292.577922083711,-62.9697968937517,428.42814815052,73.0944714847774,294.952685167301,-15.5615357402512,443.988181018558,-2.33015854152636,1926.52851266999,105.583511319337
720.460508554848,-87.026282220886,340.070905729515,-33.9752646661497,249.61213213525,7.73818614317496,1295.15834577683,-168.373102953016,291.575295234369,-40.9533675410986,386.127177021581,50.4828459418615,1049.23187408424,-13.3236017845654,849.794815090378,-91.8582371873866,849.820113349558,211.533512883867,1020.67059551439,-219.005693923562,303.476353176468,-70.1555685564503,426.133269784338,70.123117775627,283.435713080917,-8.33399917770649,444.54674609756,-2.95694346724726,1924.23636385722,106.304287501677
726.376456552313,-87.4332400434236,344.989981519447,-35.5615866082042,249.210325880723,9.06823169479341,1299.83669519992,-168.714590085235,289.331556650479,-36.9080841881101,394.743977773627,50.1091549994235,1056.39129602942,-11.1465361686356,854.096451565006,-97.0898702893926,854.980972669414,210.190424010162,1026.34273836888,-214.102177250413,304.424677836971,-72.1855601701387,425.305870987749,74.3323418591069,280.427451445322,-7.09869452292447,446.768963213097,-2.24412768278485,1939.82532647724,105.380866896761
724.784354946354,-87.7306398687421,337.057234100899,-31.840634059805,247.39537987139,9.51152626112268,1292.55862367802,-168.505773320649,289.668826748728,-39.5704228590322,383.27117302768,51.7717890033313,1036.513887146,-3.58294958908284,841.40984623596,-95.7897439199065,847.03063959422,214.636981216446,1026.85841282988,-218.942845060068,303.684566406015,-72.7909377876065,424.029788707123,74.8111800546771,289.169483926882,-15.1627983482385,444.346697714885,-2.55674005173804,1923.05344307219,106.736807535254
724.205882747336,-87.8454154568021,337.711144046365,-30.2252335038305,248.369740402476,8.90640843511674,1296.91023806437,-168.227273071401,282.047812738317,-34.9307412259793,388.097071709086,51.2803902289249,1031.4137982261,0.360009529258164,856.626122894543,-97.421454465778,851.718197145035,211.287222431392,1024.11128599789,-216.008997455434,296.421778390624,-68.7960153905393,426.85376944278,71.4445082734461,288.888152385124,-13.3796105532785,445.346700542541,-2.55740941461225,1936.67221923329,101.862319210117
734.87795765856,-89.3445551222419,339.834024178214,-29.8937475014084,251.157491487039,8.70778047049042,1308.29928163255,-172.41969401902,290.10327865845,-33.8546078400741,397.883259021481,51.2406978814869,1060.10579630818,-11.6365623118089,861.89699089459,-96.3302936922642,861.566156856811,210.126836975187,1038.02338880915,-220.660516606171,313.035885216149,-76.6244457082177,419.729487986194,79.1753110620622,289.183489235069,-12.8285874167496,447.118270415623,-3.1973489382308,1943.7645706608,100.032334946808
721.200594470659,-88.1428995180053,340.106332805187,-32.7093836794596,247.742451499031,8.60116145612688,1293.71820047911,-169.100726431326,285.031265427483,-36.6669250458023,388.028219863631,49.6622155796163,1048.04700351237,-7.91919898514477,864.483305433809,-102.205823888026,847.864515719583,211.37886822959,1026.09754687439,-222.111560937399,292.021218499269,-66.4232027119452,430.5513219727,69.9794830438109,290.057545661545,-12.5617987529101,443.495857060038,-1.75952855752562,1928.3112310496,105.475878260463
725.756612180379,-88.470404107509,343.684701255206,-34.7943460147613,246.819062202462,9.72597016485441,1299.39123309052,-169.833441045917,288.521735013258,-32.0701983487414,392.582821877329,50.7797922595901,1053.65630939685,-13.675250877825,848.026823703526,-95.0555999588648,852.699972579608,210.82859918308,1039.46520470654,-223.939890413441,307.637181191118,-73.859809885062,431.172930023786,69.0995152876896,297.423790926194,-18.8716350152062,446.514942216959,-2.79613245818565,1954.84474336641,99.6390025051904
718.826826548892,-86.2494978209527,341.1236571414,-37.0742407646034,248.364841100434,8.64673536576607,1294.57428108265,-167.844056025443,282.364193492147,-34.162508339483,382.420361951161,50.8569884414903,1035.20303319976,-10.7056166561496,845.21190631317,-94.5864215713331,851.433878397511,208.196685268535,1016.78920728315,-217.103901694741,302.2717638795,-70.3109157693548,421.135507545904,73.9583104283683,287.844463821128,-15.2842836696076,442.147971080708,-1.87702662532565,1917.93967371912,107.921676386329
714.999851856699,-83.7928017009834,333.400836297454,-27.5198934928834,245.424032086419,9.67061302400602,1292.80016134567,-167.808648553791,295.843490371728,-43.2092115579743,385.648723733312,49.5786774993297,1038.2239864429,-15.7551147461442,830.484432125254,-81.1975883453096,844.108651720301,210.840440586229,1012.7883853134,-214.756812066355,292.818190503982,-64.5282616823441,411.797708603385,81.342801705122,287.643106454723,-12.0626922770757,443.55269902561,-2.52094842258656,1925.18831271797,106.530216832425
726.783291464291,-87.3808657947445,343.636866263487,-31.3940131962337,249.303763975133,8.41783158550977,1301.26927809063,-168.808561018116,292.234896903465,-36.3993389196984,393.859886551576,50.8067375238311,1050.25660569255,-9.12928652032144,856.900827207263,-92.8143207885966,854.627132818221,209.694916321887,1025.8472866181,-215.409784146474,302.367614385269,-73.0893329776631,422.308478885654,77.4267171073218,291.69978346135,-13.1917450564889,443.871139224822,-2.51363613085347,1934.39338863774,103.15850924084
713.018270562144,-84.8944209833939,338.290110943493,-34.9054601488756,245.6934129849,9.01774846366341,1287.92669186254,-165.941585287717,280.419079297964,-32.2026668975455,379.786465529504,51.6902619774653,1037.17299952066,-10.5146077506621,833.57641487695,-93.2501971860707,847.731084413943,206.9540223292,1009.83939099926,-214.333595711246,294.601590429547,-67.0886722584271,413.559531813065,78.5744097366341,282.621277517555,-15.2151226329362,440.231964742929,-1.38418830249458,1902.50545427249,112.774314188816
719.47542518913,-85.7810707911857,336.661044125524,-33.2587101575475,245.964452225018,10.0666293329179,1291.17370440627,-166.54876144434,296.038093253819,-43.2094578360448,385.81182354797,52.0717149143411,1039.75611944801,-12.4877916602802,833.592455541047,-84.9860619694206,845.205522587382,211.194644441266,1015.30049597998,-215.680465590857,293.925065391794,-64.3307517965184,425.233577979245,71.6298807784208,284.024371115232,-6.56073484069046,442.826996127124,-2.07837639001928,1921.19195850026,109.930891533015
725.341915976265,-87.0065973685309,333.869839815429,-20.7540005171071,247.423871454449,8.83120841172009,1291.23016564642,-166.852949353948,289.541825965595,-35.0044181968357,381.514837541396,51.3505231327223,1040.86508015594,-16.1230346508492,831.917528069342,-88.1904484760261,845.720617911505,210.159001872807,1008.15585177998,-214.216270896967,290.229362669223,-60.7674133490557,417.53164681283,77.6921056367483,281.790894552145,-12.7468740985187,440.363042870849,-2.01702455475714,1909.27540698781,103.487201001666
715.397218145111,-85.28172164067,337.031681609075,-26.4340293716075,243.892450647073,10.2396689590659,1287.99483302711,-166.126916374664,283.871995168313,-33.669693221732,381.581486365035,51.8587631516161,1039.68389181487,-10.6687734806452,834.795801416872,-92.1941454679566,838.467041468604,214.039826123047,1005.34668281593,-209.342831972112,300.964302384841,-69.1987579646915,418.972876414553,70.0092487216128,275.890879547232,-10.2098300068723,440.701725013953,-1.78601131488394,1901.02447389549,110.399848548567
724.725905176093,-87.526244011273,340.540793694146,-34.6998404628758,247.759377493051,9.15140332478085,1300.65795011793,-168.448322930791,282.248908507003,-33.6116183514503,389.260733537695,51.9875775372717,1041.11944186394,-9.43753480995332,842.658491880527,-87.501267194465,847.539095526725,212.171524495586,1014.39123660964,-212.60128859966,299.856829862774,-70.1286751292003,415.471302465426,73.7278924823825,290.011567495724,-13.9780603687088,444.43209595106,-2.54372604492745,1927.54631390983,106.402376736628
716.357828277993,-84.8639494071686,343.158372443018,-32.7845523552745,245.160851743469,9.90988745428536,1288.99692001725,-165.029619786647,291.628295114022,-38.1694179134001,383.445820280047,50.2020273997068,1026.82079660137,-0.313014227765933,844.348296517914,-100.8726477711,843.844715640056,211.16065257575,995.760630449915,-207.085038590239,297.544657590712,-66.6251599597506,412.05012857934,74.4334743400885,278.414598480457,-11.489947924629,441.281579210273,-2.29390128215983,1903.19497047084,106.581033566655
720.700802803199,-86.5657745388945,333.404799590062,-28.9050700964589,244.545443610503,9.9883293212988,1295.15363027969,-169.061941046769,281.460406084877,-37.0523121299703,385.189365092471,51.7586534355627,1042.93551054983,-16.7522727543668,839.502822593371,-92.1253988686285,840.985446797868,213.804747630365,1022.68856485866,-221.106355162566,296.575966173428,-66.8456712599821,413.593231293016,78.9704122974461,289.060626597736,-15.5713710571517,443.024500663381,-2.15980537900064,1909.05746889851,113.293973068099
732.354076010386,-88.455869222366,330.370032614912,-24.2133549801348,249.382536921388,9.16994888662965,1308.59976197112,-171.372830724744,287.439758911016,-38.0968867127857,393.526752902402,52.9413304657565,1064.92761928826,-18.6110512715848,859.116864691607,-93.9917916359588,853.420316100781,211.674943931372,1024.52281348293,-217.942398109325,295.739820261025,-67.5436955509825,420.677904557118,74.2820252716121,290.68575144915,-15.0443938848853,441.610883479976,-2.13204206079055,1914.08480264067,109.850730471815
721.519014152866,-86.7478530887081,348.639891049959,-35.1564597835822,245.014488317948,10.1108444720171,1293.23389217458,-165.752098249693,277.05601452989,-26.5203845619313,386.727603552752,50.0967653990026,1030.90624325282,-8.75063507675548,832.766558387534,-89.559826892099,844.188991120823,210.725498114443,1010.26755995791,-216.495861572538,292.013265616375,-64.5927029705493,418.101311492923,71.7615034204078,278.014612367771,-11.4252881989338,441.902778159729,-2.18342374848319,1909.14087375302,105.685659910188
728.920996232368,-88.8062827843257,341.840636326692,-34.746568810939,247.383018846453,7.97665297673755,1298.91241722235,-168.064204480895,292.39637998355,-37.7914682345559,390.140850081513,51.2302864094414,1050.92627450365,-15.0734466194334,843.121575266775,-88.2307376443098,849.102956599184,209.247846266926,1024.54023583661,-220.036556740743,300.426655495193,-71.50748344441,419.380900547216,70.4973375136734,295.616775126857,-16.9163755108465,444.351991914877,-2.36453897209033,1931.39048874402,107.115677661445
721.512567104049,-86.5347391527629,333.319917177607,-32.8102378788959,245.6931824126,9.72411646271815,1298.01716436604,-170.972075856019,281.417322841858,-31.4290686123981,380.725442305121,51.8398700158601,1031.30730768196,-10.18634299124,837.383523085087,-88.7797303291761,840.150557858804,213.426237512226,1005.3843932348,-213.668139604518,284.872117675367,-61.1121919568422,418.363477863512,70.5550537034815,282.231564662666,-13.832747962892,441.760630374849,-2.16257676525022,1911.10705369646,105.568873108459
723.061679335631,-87.6019125025106,345.434642040109,-34.3357148577437,243.870468506021,10.0524021325689,1294.97585417215,-168.287186500481,289.115847029698,-36.7370452225876,383.275219236676,52.5196241558421,1036.98000273727,-5.87624435822575,836.983813503478,-89.0971194608694,843.175779600225,212.965312220225,1008.77994940632,-212.762508364349,296.816278697238,-71.4607642129288,410.935635407419,78.805422808702,283.560541041467,-14.3005698062993,442.651741492744,-2.38139092894964,1911.99139885773,107.896701924574
731.968513934788,-87.755648194096,338.978454830326,-33.0844772932051,248.737069834487,8.56385327909458,1307.7393195603,-170.545340841026,298.442008143263,-44.4899745065733,394.894112205409,50.7428776730527,1051.41390013716,-10.7141025959699,840.159610970347,-83.1151084400724,850.137184570668,212.080905391341,1019.5339475011,-216.808780097725,294.814638710055,-66.0220425744292,416.706138367478,79.6159641184703,286.233310648354,-12.3024096316333,441.391458771488,-1.80649811121713,1909.93854068731,109.095466516273
719.5723903008,-86.368738414309,331.965874922581,-28.353055203253,243.900731335946,9.64936429409093,1287.79508148265,-165.923621350612,272.349164270372,-23.5264632538616,381.191614063091,50.8361928645017,1036.66554664377,-13.9703931048454,838.520431422444,-93.5609675946197,839.484958783852,212.52929334333,1011.40783786999,-213.812761543889,296.01714172183,-72.0619980714613,417.398665329479,75.8701009946435,293.091279197688,-18.9416668128804,439.526992186841,-1.8788686173986,1906.2033768614,105.554663268816
726.465935130923,-87.0146158864417,341.529270237214,-30.4853785081948,246.468754455412,9.60994807507428,1294.70772120563,-166.712611280098,281.48903183159,-29.4216362421965,387.221935866738,50.7611415792575,1044.73391609728,-12.7154547372209,833.949502461013,-87.5696936323015,842.02881425696,211.081698485127,1010.17758876382,-216.314616152541,294.278990588423,-63.4049420682329,417.361387706558,74.6931107478394,289.693561789024,-13.7518859194692,441.63900370048,-1.90042322169987,1921.14730729645,107.513051211306
721.330142089692,-86.4989128926331,330.597104770483,-27.3451603318212,245.291905901525,8.82903204584535,1286.47308035114,-168.181064574104,281.267305479775,-33.5351193802348,378.115615057661,51.6275053630052,1034.96623574089,-13.0582152949263,831.203457606586,-90.6041773233893,836.867604809236,212.918282496048,991.198844048663,-203.552274515849,292.982816036096,-69.1137121041747,411.949296423518,73.1813319799329,278.830968748788,-14.5889090685611,436.917166906454,-0.752278022944153,1895.83858563063,111.422137653145
719.653905886707,-87.0390253315708,322.910845053424,-22.2957337405934,243.354256988256,9.83244190790538,1287.43755521862,-167.269348584039,282.365934782004,-35.3973467772934,380.145581381756,50.7808183121271,1020.32590644407,-9.75403107389698,829.883367574985,-86.6464056118665,839.692282822662,209.076133948151,997.553031878003,-210.832103789589,298.184415280908,-70.6265781826804,409.734609482546,72.5640654163171,286.033860758359,-14.9859856023509,438.63962418844,-1.74346291541814,1897.60268798356,111.125007459226
730.745775501466,-88.9475901590905,339.96205828848,-30.7628773284434,244.367390335616,9.96281034823361,1305.88130732623,-170.113038331124,283.076667618931,-31.7377558547993,390.819633360707,49.254182558273,1042.98355398996,-10.9469014945386,850.851363489791,-100.450351107951,847.470127939807,211.005295093976,1014.22724557495,-216.126705190608,301.006942214836,-72.7447972066232,412.323287472337,80.0912480136076,289.674977827794,-14.1801845485962,441.358369215936,-2.1348249556026,1906.15989378885,111.069289284582
715.963614579656,-85.7224369101427,350.349960470257,-34.1930038589197,242.064625255278,9.42515840621346,1306.39392590192,-170.310006209369,266.571160825458,-25.4616892026543,376.342022167335,51.0573970914541,1015.84389687126,-1.85866584172635,822.526366927013,-86.0549505471492,829.873430611408,214.292021455491,994.469244683678,-210.828804998235,291.83220590297,-68.3958446471437,409.011930350326,75.1181317980543,278.045444141033,-12.1541471065721,436.879604358379,-1.26407530268551,1892.84107657351,108.67935561376
720.838762442541,-86.8183664109159,339.555342210603,-28.8348889801531,243.354625424835,8.72547802454091,1318.93074615388,-170.106248724046,282.210737718783,-34.1346227353336,379.686621710508,51.8192260269625,1011.29595753688,-2.81862319166854,824.280013839954,-81.0144892581184,834.356223550425,213.274575658313,994.611779096736,-209.493550106095,296.219170367751,-68.8645236802508,407.488818898691,78.4854659877349,290.849356388825,-17.9715529539723,439.886732697476,-1.60046125119296,1908.95800667392,104.745112532734
715.414738219127,-86.9396018174167,341.081279743397,-30.8062153052122,249.55494911342,8.03694651866746,1343.74107152429,-177.984806065386,284.608256401167,-32.9101133537231,376.763779320195,50.8989851844783,999.464819522353,2.08375405917356,831.634105166599,-87.3244060614325,836.957567624708,226.921192849958,984.638648080308,-203.758245013842,305.894324100867,-69.1914328844634,408.111225643557,80.2130018112179,290.307553571296,-12.8558936932862,436.287107502343,-0.789548346846562,1864.39721429518,105.452679804307
698.17427987667,-84.1762988227996,331.155098359036,-20.805391503712,247.12798834796,9.78009810058918,1342.85273352232,-174.474002786382,274.039131686019,-28.6693015671736,372.580433902409,52.0159520912002,1022.30531853322,-12.054097918068,845.173077977894,-94.3123119624326,830.673488750706,227.111513087969,993.227718104097,-209.060322769139,297.233450434416,-69.0701527201818,421.110975415616,79.6919102887431,290.82873330608,-8.23912452103986,438.857662295561,-1.14526743606429,1869.29526092626,103.921580202297
712.991481295537,-84.773500538558,338.256412338608,-30.2098965090979,248.907001835968,10.247373727536,1342.60283785605,-173.250193001177,305.933209609962,-36.441933096798,385.568095199353,51.9591961415674,1038.12041334306,-11.675624788279,862.862785798093,-93.7632871459742,843.743650243404,220.639024233918,1016.20300598529,-213.001065564719,315.190387718869,-76.0413576713809,430.748728102028,70.6031803853063,293.105150558679,-12.9996141223125,442.568312950138,-1.56457910875323,1904.08918537116,105.431576538182
708.029677789834,-85.8709224575771,345.293056604676,-36.3954543532563,248.121407636634,9.09137516283989,1331.37387569072,-171.42391676664,288.180929273915,-28.234629623388,373.514406590511,51.4231956181066,1008.7178553977,-3.20330437760831,839.833889404948,-88.7392206650574,835.135426961307,219.34335934171,1000.65621593193,-211.701275322486,299.081911135464,-72.5241741969193,413.534111222236,77.8149590740459,298.61175127883,-20.2998507317037,438.93888635126,-0.99963528771868,1880.31162294428,106.6147567331
714.012849282059,-87.8060351806561,346.248097393498,-29.1414111279088,246.275637399966,10.9050642875519,1332.80882915405,-173.514711226729,297.975073283536,-35.27217594797,381.788063457268,50.5095949326646,1018.87488591737,-4.18335559492736,838.722330592525,-84.1189661388615,839.455403489115,218.287322509164,1017.44300820075,-216.225716586569,303.957214038443,-71.0658968139116,420.779580158869,81.137893775106,291.726238204773,-11.0063332001665,440.541552786093,-1.70595277795819,1896.11662446136,107.953075818314
712.191616561852,-85.3796567637919,339.605608898154,-24.0681542800621,250.637544552206,9.32756376960576,1329.71594667327,-171.223640462273,297.621903730879,-36.7580767925927,375.125203111755,50.8398504349856,1027.70190562598,-10.7778782073859,846.053102033384,-89.4903437674163,840.771756059235,216.222424383591,1005.24157694028,-209.548810356732,302.884099206089,-70.6114999168025,419.425363922841,79.2072881009022,285.424258581319,-8.47172918794746,437.967533038445,-1.2006681003822,1878.96809965711,111.677354773041
703.978752778925,-85.0875015452055,338.459413424447,-26.2470235332214,244.727306725504,11.1508332369012,1325.93802268128,-169.380982023631,290.810109885071,-39.1353466728824,372.812099499332,51.7954718096304,1017.22676148937,-9.10865151125442,827.901693389695,-84.5031049010596,839.564951699752,214.73741548923,996.962151041815,-204.925507374794,293.157482435926,-64.3641145500425,417.129871620677,75.7014172248131,286.982278388996,-9.83129662659462,438.876174944199,-1.73067565839162,1887.65320442933,107.029067997802
713.264449096482,-85.7076019975853,340.891103143131,-25.6116840853832,249.125511177822,9.54806746082429,1340.95526611096,-174.301503021994,299.64897825487,-39.3701993649431,386.941630491963,49.4370181075638,1020.24089247733,2.30435492703867,851.175139173674,-88.1870280969175,840.897831472581,219.558952029823,1009.11550081162,-215.005586139868,312.357973875266,-75.869781288055,428.047178224572,74.3116230559516,299.918529433262,-20.1773267508402,442.613653432603,-2.22627821350107,1907.32145484142,107.917803395848
701.107935665119,-83.3150993270562,335.875365123663,-24.2507032178692,246.984892312525,9.07272690685093,1325.5336533367,-169.519974405739,292.363463422521,-34.5927003312428,369.107631294784,52.6116883713806,1017.18675575868,-3.0281741643009,834.154250768218,-90.2535169863974,830.529013831438,219.951768514583,996.583009915335,-210.483397095,296.095830458986,-67.5565256922845,413.704086680211,84.7912969693323,284.876847020648,-10.8937949877533,437.891763151756,-1.19540339963464,1877.94547790671,113.569495044326
704.149350168932,-83.8745177246679,328.727587849062,-19.6250186583792,247.649386561381,10.0099567488747,1329.93290586495,-171.4454514692,291.820460247265,-34.6382788983044,379.33178371267,49.6987662692129,1024.55774362217,-8.74281663766879,837.300602674855,-87.6235001957741,832.109762133669,220.075184525471,996.357024058277,-207.164867696544,298.610444377625,-68.7444481050241,417.825245572534,80.2576508486822,299.858834141947,-14.2071638649124,439.033482479361,-0.739915027516303,1891.80158516904,110.733922171736
716.189457473986,-86.8342118184897,347.97979105644,-33.7462887365462,249.431223009232,10.4506168876372,1337.54046999272,-172.682759650087,290.474034804982,-28.5067239850149,389.709162253838,49.4429289740861,1041.04761898597,-7.1776657493939,854.432277461713,-89.9650305103228,846.98406645594,218.377514216238,1013.20988467269,-213.790116689526,301.422254073823,-68.8453704173011,433.505072639738,70.9642923516226,297.258840781992,-11.0237760634289,438.997223571471,-0.863920409763849,1895.58249408898,108.375093278104
699.261245397303,-82.7939305653676,345.303305713187,-32.9958993964312,247.212550231636,9.6889575719699,1328.37902798649,-172.417794998676,293.657480198748,-34.2551087015802,373.471561253541,52.5746117202833,1018.023947571,-7.52652489484015,837.594013827277,-84.0696903222667,834.884188716303,218.443110381385,1003.60727021617,-209.753332232427,296.911657418953,-68.6703883799586,419.602814718495,77.8636881726117,285.47235014731,-9.88280792912265,438.118091840624,-0.771636669117136,1883.56887337964,112.510525755391
707.645648354278,-84.0032523063237,347.134569403612,-30.7234112132453,250.760647400867,7.94804463898161,1331.90050423448,-172.25065833115,293.446008284726,-32.2805642664301,384.110805630622,49.754141463004,1036.61342379065,-10.7459822770694,838.240062336991,-83.5356940478454,843.386318875897,216.867105016093,1009.40894270482,-212.680749215919,312.306972232606,-72.1053541396456,429.162078956831,77.4070187881271,297.972279593075,-12.0186201692508,442.529916367213,-2.0886939717572,1909.21155020245,108.808349499955
720.470399465322,-87.3991226642716,344.260465201979,-28.174055245302,251.878057186354,10.1784478370019,1340.7247915731,-172.923199315382,300.71492452925,-38.9090654196982,388.035659229864,51.1462991238245,1050.55686194159,-9.39981674239181,864.631868604696,-93.3101247216185,852.192024050288,217.786741644268,1010.68757421506,-213.377829688771,302.309336864806,-69.6909252279216,431.509288523738,78.495530638383,289.086342465441,-12.4966113138723,440.070572800299,-1.38243993413217,1893.69956277616,111.865078295622
707.424329661928,-85.1501362951757,338.556213947052,-27.258526749428,248.072198596067,10.2650958615227,1328.23579147992,-171.830724896342,293.62217729557,-34.272471497954,378.893867966314,50.7524525242235,1021.37209552412,-0.657621851082716,847.799794634677,-92.1581719380486,840.766125974907,218.169314708096,1002.75501431951,-208.295327365865,312.13243998009,-73.0995056214353,429.626079398936,74.1054627990175,291.881083238911,-8.58088065440468,440.868404829977,-1.49733924411906,1901.01223969081,106.797636250516
714.446929049253,-86.0047445846341,339.831105948354,-26.320851513524,251.423648339444,9.65432944119955,1336.77390279406,-173.402297646256,294.0536250823,-29.1636838215528,387.273627388671,51.5367496370535,1050.80593928446,-16.0935549363528,877.064675662325,-100.104521669236,850.441112257617,217.828776230827,1025.60095472411,-221.557814198964,306.864667200953,-67.5834182057556,431.331939247386,73.9405903774272,299.756286356545,-14.0184949024669,444.459394310906,-1.87223501980661,1930.39947913347,107.1421669779
726.886076450022,-90.5059088896167,338.419328395983,-23.7370677446314,255.597800903433,8.81899197513345,1337.7731241749,-174.253954819509,300.942976448647,-36.3264309905981,384.25001569665,50.75680560396,1043.26175202088,-3.6203240712249,855.603681268049,-87.5685349709417,852.86243409081,217.180663592631,1016.67982548995,-215.390745829705,298.287380670341,-70.8996872825987,434.329843241232,75.0709322797545,293.761419842751,-10.3399504314984,443.072660420157,-2.10755681661912,1909.13066656393,110.484192511282
712.078787165044,-85.1248150217636,350.491846138102,-31.6529346488377,251.765169913316,9.59484599564087,1331.90865201954,-172.14927989333,294.280633456095,-38.6662512117949,385.219361976787,48.9548437571333,1044.35467430255,-10.322648907391,855.058145461471,-90.1864756703026,849.50632695472,217.976919915434,1013.2817744059,-211.978716444923,305.431324039237,-69.9488875285433,434.458543053845,76.7094229100254,300.899655199102,-14.2257052057552,444.576000371805,-2.03848273596776,1921.19966070479,102.859733766342
721.634203349189,-87.5822236229419,354.222334337449,-35.5741409290166,253.601653337665,9.53681151648963,1340.59763580062,-173.182846624305,293.699550238392,-30.9962281693569,397.359042267762,48.789049360461,1040.7787558395,-5.31496967421839,873.470056746768,-96.5486894294791,860.961246076236,217.242906004893,1034.03546349095,-220.887824456507,311.867703726717,-76.0210943954941,433.053916968212,80.2729587330049,298.81010715041,-13.0267923790816,448.60858538067,-2.97323368184316,1947.43154626988,106.542544770228
717.600756270861,-87.4260137119911,354.876881336468,-32.6456794570558,253.394911198652,9.56337305379708,1334.98619687286,-174.221791846138,292.986141559444,-33.8966315371121,385.409681030315,50.5989919247398,1048.76945866634,-8.26776970698766,856.629682863292,-87.3942984310025,857.575143206104,216.63155315806,1023.16622327891,-217.378047885238,309.140373471468,-72.3930382417043,442.340298658691,73.6066577796955,296.979922229319,-9.58218760594153,447.095671742096,-2.79184194169554,1928.3540620466,106.91062574467
717.301828876434,-85.8780622039168,349.253945115548,-30.5977535803733,254.651723125935,7.69809439252241,1337.09052826493,-173.171356931184,298.912554563147,-34.9624674211952,391.715790054058,49.1876589049191,1053.76043450825,-19.0069585284797,863.07866505444,-95.8387915444765,861.972260535915,215.323778964426,1029.40549682631,-217.693879931677,316.025140917983,-77.035849992706,432.743160325703,80.0215326488521,304.916818254187,-15.3191435655952,448.287453272718,-2.98918797083305,1941.79142234984,107.535064467161
729.150711403338,-88.4651828250556,353.775801832441,-31.5523217609986,256.877494859895,8.75210434456156,1348.41047178942,-175.261589296645,298.097781451446,-34.4665078327364,400.388986442176,49.6838291764021,1059.2874568247,-10.6496252749421,890.795396188623,-97.124688044012,870.98016809424,216.170813235417,1040.64454116067,-219.856118441475,315.090165384085,-74.0038346918743,440.919508832021,80.1562925655751,301.942070299489,-13.4597196592014,449.809252529263,-3.62972842803567,1950.71572492273,104.456978733018
718.277763912954,-87.8837979907746,355.836313547723,-35.2299805164427,253.589080696143,9.60435905585666,1333.39564265987,-172.738047183628,295.41482363778,-35.3499390183442,389.774055212734,49.9492793800766,1051.43431836029,-11.3197389254684,867.080659037361,-92.4444957848167,865.017744537914,215.369236576849,1027.8291083306,-213.704029125461,304.619520689984,-67.9028810255891,440.005961696016,72.9876397914746,300.512863560446,-16.1054056306551,447.676815923848,-2.66694977805657,1940.96784798398,104.325528891633
720.925567045278,-85.2105893021692,357.315178529217,-35.0733321301497,255.018601941058,8.81637962784829,1334.90936418167,-172.570025788992,300.528639396534,-35.0093118190581,395.979993637173,49.6048913349962,1052.17920026035,-6.75091747846053,868.274548577962,-91.9447450533105,864.767456286283,220.004505990068,1034.60546165057,-217.669463438924,314.30962132869,-75.1698120186338,443.365907773462,75.1544882316255,304.247078417491,-16.4707566002168,450.798289476087,-3.22743511979798,1963.34224008483,102.128286892455
713.046585585614,-84.6388701161681,349.824481115675,-33.5735241343163,254.765239653671,8.63206864282938,1331.81267391495,-172.55370794034,300.756787037291,-39.1301569397612,385.275985764695,48.5090984409767,1044.55144968316,-11.1280056469873,857.10614308537,-87.5490907400628,860.773470345891,217.408040384023,1028.36458267795,-216.004922754258,314.167168207905,-74.2571929174324,441.172014566957,75.5118419673605,301.607784212458,-14.7742764805066,445.952854136827,-2.74988483350488,1936.96680661916,105.977205722682
715.971533021308,-86.1852016775653,349.498878231081,-35.7631121540637,253.871611810488,8.94734756865391,1332.88250423323,-172.847882697527,293.389555513411,-33.7760872722285,388.540714248268,51.0432889225203,1046.32771213171,-10.5690387794179,882.233681593992,-102.700719478258,860.3471544709,214.579821602052,1029.35513690933,-211.416268408068,312.092990682279,-73.0982217620596,445.822012031882,78.6845155607581,294.633199987128,-11.0433823474706,446.195053015087,-2.81565346840158,1965.41439642721,103.338136487266
724.217118025615,-87.8210026556616,360.7703963722,-37.0274217830764,256.421839572754,8.19868020739028,1331.9664384261,-171.49150773699,289.315718603969,-27.5268774360744,387.900785288797,49.8776470583915,1067.13266091613,-14.5510321519044,887.577422051401,-106.999522439026,865.200684783477,213.740061848986,1019.44391267703,-208.032230171525,310.10246986305,-69.5626966887696,438.368581966376,79.4730049182899,298.889311906569,-14.8373381116525,445.45660016598,-2.83407494434227,1938.55273966562,110.785285737402
711.186789593443,-85.6912949706507,356.650810329459,-31.7720727900798,252.23270680832,8.39719089655837,1322.88373106055,-170.500331364906,301.686318810963,-36.4563411335403,381.172782387861,50.0505335969075,1041.11975514029,-10.5806881852392,855.275157850916,-90.3226118383096,857.511957193254,216.922195207168,1026.96275916633,-218.693348605113,310.593604615502,-73.5057799510943,431.965207303629,76.4675088445657,300.516433612582,-16.4995021361574,448.640980938803,-2.98313975471374,1920.33650875565,107.513749408555
